Section,A,B,C,D,F,Total A-F,GPA,I,S,U,Q,X,Total,Instructor
ANTH-201-501,8,22,20,5,4,59,2.423,0,1,0,6,0,66,ALVARD M
ANTH-201-599,14,44,34,6,4,102,2.568,0,0,0,15,0,117,BRYANT V
ANTH-202-500,8,11,18,5,0,42,2.523,0,0,0,0,0,42,WATERS M
ANTH-204-500,5,6,6,1,1,19,2.684,0,0,0,1,0,20,GRAF K
ANTH-205-501,68,53,10,1,0,132,3.424,0,0,0,2,0,134,VIEIRA DE CASTRO L
ANTH-205-502,62,37,17,3,1,120,3.300,1,0,0,3,0,124,LYNCH D
ANTH-205-503,63,39,17,3,0,122,3.327,1,0,0,0,0,123,LYNCH D
ANTH-205-504,87,22,7,2,3,121,3.553,0,0,0,1,0,122,SMITH M
ANTH-205-506,21,17,12,2,0,52,3.096,0,0,0,2,0,54,BORD A
ANTH-205-507,60,11,5,2,1,79,3.607,0,0,0,1,0,80,DOZIER C
ANTH-205-508,6,15,6,1,0,28,2.928,0,0,0,1,0,29,BURKE A
ANTH-205-599,16,51,48,13,8,136,2.397,0,0,0,29,0,165,BRYANT V
ANTH-210-501,30,23,3,2,0,58,3.338,0,0,1,0,0,59,KENNEDY C
ANTH-210-502,21,4,4,0,0,29,3.586,0,0,0,0,0,29,DEMPSEY A
ANTH-225-501,7,10,8,4,1,30,2.600,3,0,0,1,0,34,ATHREYA S
ANTH-225-599,5,6,11,3,1,26,2.423,1,0,0,2,0,29,GURSKY S
ANTH-226-501,7,2,0,0,0,9,3.777,0,0,0,0,0,9,HODGES S
ANTH-226-502,11,3,1,0,0,15,3.666,1,0,0,0,0,16,ACHORN A
ANTH-229-500,5,8,7,0,1,21,2.761,0,0,0,0,0,21,GREEN T
ANTH-301-500,2,3,2,1,0,8,2.750,0,0,0,1,0,9,THOMS A
ANTH-305-900,4,15,3,0,1,23,2.913,0,0,0,1,0,24,LINDERHOLM A
ANTH-312-500,5,8,4,3,1,21,2.619,0,0,0,1,0,22,DE RUITER D
ANTH-316-501,22,10,19,6,0,57,2.842,0,0,0,2,0,59,PULAK C
ANTH-317-500,10,17,23,7,0,57,2.526,0,0,0,5,0,62,WACHSMANN S
ANTH-324-201,8,0,0,0,0,8,4.000,0,0,0,0,0,8,BUSTOS I
ANTH-324-501,28,8,2,1,0,39,3.615,0,0,0,0,0,39,BUSTOS I
ANTH-324-502,88,29,5,0,0,122,3.680,0,0,0,0,0,122,BUSTOS I
ANTH-324-504,96,25,5,0,0,126,3.722,0,0,0,0,0,126,BUSTOS I
ANTH-340-500,15,6,3,0,0,24,3.500,0,0,0,2,0,26,GREEN T
ANTH-350-900,3,7,7,3,0,20,2.500,0,0,0,0,0,20,LINDERHOLM A
ANTH-360-500,18,8,0,0,1,27,3.555,0,0,0,0,0,27,CARLSON D
ANTH-370-900,20,5,0,0,0,25,3.800,0,0,0,0,0,25,LAPORTE C
ANTH-370-901,21,4,0,0,0,25,3.840,0,0,0,0,0,25,LAPORTE C
ANTH-370-902,22,2,0,0,0,24,3.916,0,0,0,1,0,25,LAPORTE C
ANTH-370-903,22,2,0,0,1,25,3.760,0,0,0,0,0,25,LAPORTE C
ANTH-370-904,23,1,0,0,1,25,3.800,0,0,0,0,0,25,LAPORTE C
ANTH-370-905,18,5,1,0,1,25,3.560,0,0,0,0,0,25,LAPORTE C
ANTH-370-906,22,2,1,0,0,25,3.840,0,0,0,0,0,25,LAPORTE C
ANTH-370-907,23,2,0,0,0,25,3.920,0,0,0,0,0,25,LAPORTE C
ANTH-370-908,19,5,0,0,1,25,3.640,0,0,0,0,0,25,SCHWINDINGER P
ANTH-370-909,20,5,0,0,0,25,3.800,0,0,0,0,0,25,PERROTTI A
ANTH-370-950,16,5,0,0,0,21,3.761,0,0,0,0,0,21,DE RUITER D
ANTH-370-952,19,0,0,0,0,19,4.000,0,0,0,0,0,19,THAKAR H
ANTH-409-500,6,2,2,2,0,12,3.000,0,0,0,0,0,12,DE RUITER D
ANTH-410-500,20,21,8,0,0,49,3.244,0,0,0,0,0,49,LAPORTE C
ANTH-415-900,8,9,6,0,0,23,3.086,0,0,0,0,0,23,BAILEY K
ANTH-417-500,8,5,2,2,0,17,3.117,0,0,0,1,0,18,PULAK C
ANTH-421-500,11,2,3,2,0,18,3.222,0,0,0,0,0,18,THAKAR H
ANTH-425-500,5,4,3,1,1,14,2.785,0,0,0,0,0,14,WRIGHT L
ANTH-435-500,12,6,2,0,0,20,3.500,0,0,0,0,0,20,LYNCH D
ANTH-436-500,7,7,5,1,0,20,3.000,0,0,0,0,0,20,WACHSMANN S
ANTH-436-501,3,3,3,0,0,9,3.000,0,0,0,1,0,10,WACHSMANN S
ANTH-445-900,6,4,0,0,0,10,3.600,0,0,0,0,0,10,CASTOR N
ANTH-484-501,13,0,0,0,0,13,4.000,0,0,0,0,0,13,THAKAR H
ANTH-485-525,41,0,0,0,0,41,0.000,0,0,0,0,0,41,THOMS A
ANTH-602-600,9,0,0,0,0,9,4.000,0,0,0,0,0,9,CARLSON D
ANTH-603-600,5,3,0,0,0,8,3.625,0,0,0,0,0,8,CRISMAN K
ANTH-604-600,11,0,0,0,0,11,4.000,0,0,0,0,0,11,ALVARD M
ANTH-606-600,5,2,0,0,0,7,3.714,0,0,0,0,0,7,HAMILTON D
ANTH-608-600,4,1,0,0,0,5,3.800,0,0,0,0,0,5,WACHSMANN S
ANTH-616-600,8,0,0,0,0,8,4.000,0,0,0,0,0,8,VIEIRA DE CASTRO L
ANTH-629-600,6,1,0,0,0,7,3.857,0,0,0,0,0,7,CRISMAN K
ANTH-631-600,6,0,0,0,0,6,4.000,0,0,0,0,0,6,GURSKY S
ANTH-651-600,4,1,1,0,0,6,3.500,0,0,0,0,0,6,GRAF K
ANTH-662-600,5,2,0,0,0,7,3.714,0,0,0,0,0,7,GOEBEL F
DEPARTMENT TOTAL:,1251,631,344,82,33,2341,3.260,7,1,1,79,0,2429,
AFST-201-501,10,6,1,0,1,18,3.333,0,0,0,0,0,18,LAWO-SUKAM A
AFST-205-500,4,7,2,0,0,13,3.153,0,0,0,1,0,14,GARRITANO C
AFST-206-500,6,2,1,0,1,10,3.200,0,0,0,0,0,10,SALTER P
AFST-301-500,2,6,1,0,0,9,3.111,0,0,0,1,0,10,BROUSSARD A
AFST-327-500,12,5,2,1,0,20,3.400,0,0,0,0,0,20,DONKOR D
AFST-353-500,3,2,0,0,0,5,3.600,0,0,0,0,0,5,CURRY T
FILM-251-500,42,17,6,0,1,66,3.500,0,0,0,1,0,67,ELLIS L
FILM-289-M01,4,3,1,0,1,9,3.000,0,0,0,0,0,9,NEIGHBORS R
FILM-299-500,11,15,4,0,0,30,3.233,0,0,0,1,0,31,GARRITANO C
FILM-343-500,8,1,1,0,0,10,3.700,1,0,0,1,0,12,ELLIS L
FILM-356-501,3,0,2,0,0,5,3.200,0,0,0,0,0,5,FRANCIS J
FILM-394-500,0,2,3,0,0,5,2.400,0,0,0,1,0,6,LENIHAN J
FILM-425-500,2,3,3,2,1,11,2.272,0,0,0,0,0,11,HAWTHORNE M
FILM-445-900,4,0,0,0,1,5,3.200,0,0,0,0,0,5,ROLD M
FILM-481-500,11,4,1,0,0,16,3.625,0,0,0,0,0,16,HUMPHREY D
JOUR-102-501,18,18,3,0,1,40,3.300,0,0,0,0,0,40,RUBIN H
JOUR-102-502,14,4,0,0,1,19,3.578,0,0,0,0,0,19,GAMMON A
JOUR-102-503,18,0,0,0,0,18,4.000,0,0,0,0,0,18,GAMMON A
JOUR-200-500,20,5,1,0,1,27,3.592,0,0,0,1,0,28,RICE D
JOUR-203-901,8,2,0,0,0,10,3.800,0,0,0,0,0,10,GAMMON A
JOUR-250-500,4,5,3,1,0,13,2.923,0,0,0,0,0,13,RICE D
JOUR-304-500,6,6,1,1,0,14,3.214,0,0,0,0,0,14,RUBIN H
JOUR-304-501,4,2,0,0,0,6,3.666,0,0,0,0,0,6,RUBIN H
JOUR-365-500,1,8,0,0,1,10,2.800,0,0,0,0,0,10,EHRL M
JOUR-468-500,11,0,0,0,0,11,4.000,0,0,0,0,0,11,GAMMON A
JOUR-490-901,17,0,1,0,1,19,3.684,0,0,0,0,0,19,RICE D
LBAR-181-507,11,6,1,2,0,20,3.300,0,0,0,0,0,20,OBERHELMAN S
LBAR-181-508,10,5,6,1,0,22,3.090,0,0,0,0,0,22,OBERHELMAN S
LBAR-181-509,8,11,1,0,2,22,3.045,0,0,0,0,0,22,OBERHELMAN S
LBAR-181-510,15,6,2,0,0,23,3.565,0,0,0,0,0,23,OBERHELMAN S
LBAR-181-511,13,2,2,0,0,17,3.647,0,0,0,0,0,17,DORSEY L
LBAR-181-512,13,0,0,0,0,13,4.000,0,0,0,0,0,13,RAMASUBRAMANIAN S
RELS-220-500,16,13,1,1,0,31,3.419,0,0,0,4,0,35,SCHWARTZ D
RELS-317-500,3,5,10,5,0,23,2.260,0,0,0,2,0,25,WACHSMANN S
RELS-321-500,5,2,0,0,0,7,3.714,0,0,0,0,0,7,KARASIPAHI S
RELS-340-500,2,2,1,0,0,5,3.200,0,0,0,0,0,5,GREEN T
RELS-360-501,3,1,1,0,0,5,3.400,0,0,0,0,0,5,WOLLOCK J
RELS-436-500,2,1,2,0,0,5,3.000,0,0,0,0,0,5,WACHSMANN S
WGST-200-500,12,26,29,10,0,77,2.519,1,0,0,9,0,87,WOLF J
WGST-207-503,6,8,0,0,0,14,3.428,0,0,0,0,0,14,LAKKIMSETTI C
WGST-207-504,4,3,3,1,1,12,2.666,0,0,0,0,0,12,MORRIS T
WGST-300-501,7,2,1,0,0,10,3.600,0,0,0,0,0,10,MINER-RUBINO K
WGST-300-503,4,0,5,0,0,9,2.888,0,0,0,1,0,10,EDENS P
WGST-310-500,3,4,7,0,0,14,2.714,0,0,0,1,0,15,WOLF J
WGST-316-500,7,4,3,0,1,15,3.066,0,0,0,0,0,15,LAKKIMSETTI C
WGST-334-599,5,0,0,0,0,5,4.000,0,0,0,0,0,5,JI Q
WGST-343-500,10,2,0,0,0,12,3.833,1,0,0,1,0,14,ELLIS L
WGST-374-500,5,4,0,1,0,10,3.300,0,0,0,0,0,10,ROBINSON S
WGST-401-900,8,2,1,0,0,11,3.636,0,0,0,0,0,11,DUBRIWNY T
WGST-407-900,2,2,1,0,0,5,3.200,0,0,0,0,0,5,RAMASUBRAMANIAN S
WGST-407-901,1,3,0,1,0,5,2.800,0,0,0,0,0,5,MILLER L
WGST-411-900,5,0,0,0,0,5,4.000,0,0,0,0,0,5,ASCHENBECK S
WGST-428-900,4,1,0,0,0,5,3.800,0,0,0,0,0,5,DUBRIWNY T
WGST-430-500,2,3,0,0,0,5,3.400,0,0,0,0,0,5,DESHONG T
WGST-481-900,4,5,2,0,0,11,3.181,1,0,0,0,0,12,ELLIS L
DEPARTMENT TOTAL:,433,246,116,27,15,837,3.247,4,0,0,25,0,866,
COMM-203-200,20,0,0,0,0,20,4.000,0,0,0,0,0,20,CONRAD C
COMM-203-501,11,9,3,1,0,24,3.250,0,0,0,0,0,24,ROLD M
COMM-203-502,5,13,4,0,0,22,3.045,0,0,0,1,0,23,ROWE S
COMM-203-503,13,11,0,0,0,24,3.541,0,0,0,1,0,25,PARISH N
COMM-203-504,5,13,3,0,0,21,3.095,0,0,0,0,0,21,TARVIN D
COMM-203-505,9,10,6,0,0,25,3.120,0,0,0,0,0,25,COLGLAZIER K
COMM-203-506,10,12,2,1,0,25,3.240,0,0,0,0,0,25,ROLD M
COMM-203-507,9,13,1,0,1,24,3.208,0,0,0,1,0,25,ROWE S
COMM-203-508,11,11,1,0,0,23,3.434,0,0,0,2,0,25,PARISH N
COMM-203-509,9,14,2,0,0,25,3.280,0,0,0,0,0,25,COLGLAZIER K
COMM-203-510,10,11,2,0,0,23,3.347,0,0,0,2,0,25,ASCHENBECK S
COMM-203-511,6,14,2,1,1,24,2.958,0,0,0,1,0,25,EVERETT B
COMM-203-512,7,14,1,1,0,23,3.173,0,0,0,2,0,25,TARVIN D
COMM-203-513,11,8,3,0,0,22,3.363,0,0,0,2,0,24,FOGLE K
COMM-203-514,11,10,3,0,0,24,3.333,0,0,0,0,0,24,MUNSON D
COMM-203-515,4,13,3,0,1,21,2.904,0,0,0,0,0,21,TARVIN D
COMM-203-516,14,11,0,0,0,25,3.560,0,0,0,0,0,25,MUNSON D
COMM-203-517,9,12,3,1,0,25,3.160,0,0,0,0,0,25,GALAL A
COMM-203-518,8,15,2,0,0,25,3.240,0,0,0,0,0,25,MILLER L
COMM-203-519,10,14,0,0,0,24,3.416,0,0,0,0,0,24,MUNSON D
COMM-203-520,7,13,3,0,0,23,3.173,0,0,0,1,0,24,GALAL A
COMM-203-521,5,15,3,0,1,24,2.958,0,0,0,0,0,24,MILLER L
COMM-203-522,12,8,2,1,0,23,3.347,1,0,0,0,0,24,ADAMS T
COMM-203-523,7,9,7,0,0,23,3.000,0,0,0,2,0,25,WINFIELD A
COMM-203-524,12,11,0,0,0,23,3.521,0,0,0,1,0,24,ADAMS T
COMM-203-525,16,7,1,0,1,25,3.480,0,0,0,0,0,25,NADKARNI A
COMM-203-526,3,18,2,0,0,23,3.043,0,0,0,1,0,24,CHAMPINE T
COMM-203-527,12,7,4,1,0,24,3.250,0,0,0,1,0,25,WU Q
COMM-203-528,14,10,1,0,0,25,3.520,0,0,0,0,0,25,ADAMS T
COMM-203-529,14,9,2,0,0,25,3.480,0,0,0,0,0,25,NADKARNI A
COMM-203-530,8,12,5,0,0,25,3.120,0,0,0,0,0,25,WU Q
COMM-203-531,8,13,2,0,0,23,3.260,0,0,0,2,0,25,WINFIELD A
COMM-203-532,18,7,0,0,0,25,3.720,0,0,0,0,0,25,ADAMS T
COMM-203-533,18,6,0,0,0,24,3.750,0,0,0,0,0,24,ADAMS T
COMM-203-534,17,6,2,0,0,25,3.600,0,0,0,0,0,25,RAY M
COMM-203-535,5,15,2,0,0,22,3.136,0,0,0,3,0,25,STIEGEL V
COMM-205-501,6,13,3,2,1,25,2.840,0,0,0,0,0,25,BAJAN A
COMM-205-502,6,13,5,0,0,24,3.041,0,0,0,1,0,25,EVERETT B
COMM-205-503,15,8,0,1,0,24,3.541,0,0,0,1,0,25,CHABOKI DARZABI R
COMM-205-504,10,10,2,0,0,22,3.363,0,0,0,3,0,25,ZHAO Y
COMM-210-200,16,4,0,0,0,20,3.800,0,0,0,0,0,20,ASCHENBECK S
COMM-210-500,13,14,2,0,0,29,3.379,0,0,0,0,0,29,BRANNON G
COMM-210-501,21,6,2,0,0,29,3.655,0,0,0,0,0,29,FOGLE K
COMM-210-502,20,10,0,0,0,30,3.666,0,0,0,0,0,30,CAMPBELL G
COMM-210-503,26,1,1,0,1,29,3.758,0,0,0,0,0,29,ROLD M
COMM-210-504,12,15,1,0,0,28,3.392,0,0,0,2,0,30,TACHKOVA E
COMM-215-500,10,13,0,0,0,23,3.434,0,0,0,0,0,23,CHEN F
COMM-215-501,8,11,0,0,0,19,3.421,0,0,0,1,0,20,CHEN F
COMM-215-502,19,5,0,0,1,25,3.640,1,0,0,1,0,27,ROWE S
COMM-215-503,10,8,2,0,0,20,3.400,0,0,0,4,0,24,RULE F
COMM-230-501,9,3,1,2,0,15,3.266,0,0,0,0,0,15,GLOECKNER P
COMM-230-502,15,7,1,0,0,23,3.608,0,0,0,0,0,23,MILLER L
COMM-230-503,19,3,2,0,0,24,3.708,0,0,0,0,0,24,STIEGEL V
COMM-230-504,12,6,1,0,0,19,3.578,0,0,0,1,0,20,ROWE S
COMM-240-501,10,10,1,0,0,21,3.428,0,0,0,0,0,21,MURAWSKI C
COMM-240-502,9,7,1,2,1,20,3.050,0,0,0,1,0,21,ANDERSON C
COMM-243-501,6,13,1,2,1,23,2.913,0,0,0,1,0,24,SIEGFRIED K
COMM-243-502,10,11,1,2,0,24,3.208,0,0,0,0,0,24,SIEGFRIED K
COMM-243-503,18,5,1,0,0,24,3.708,0,0,0,0,0,24,RAY M
COMM-243-504,18,5,0,0,0,23,3.782,0,0,0,1,0,24,MUNSON D
COMM-250-500,6,1,1,1,0,9,3.333,0,0,0,1,0,10,RICE D
COMM-257-500,9,9,10,0,2,30,2.766,0,0,0,2,10,42,HAVENS J
COMM-289-502,32,7,0,0,0,39,3.820,0,0,0,1,0,40,ASCHENBECK S
COMM-301-200,20,0,0,0,0,20,4.000,0,0,0,0,0,20,TARVIN D
COMM-301-500,74,103,45,1,0,223,3.121,0,0,0,2,0,225,CRICK N
COMM-301-501,21,22,17,8,3,71,2.704,0,0,0,1,0,72,EARLE E
COMM-302-500,11,16,11,1,0,39,2.948,0,0,0,3,0,42,DUNAWAY J
COMM-305-500,58,60,15,0,0,133,3.323,0,0,0,0,0,133,TANG L
COMM-305-501,28,50,20,1,0,99,3.060,0,0,0,1,0,100,STREET R
COMM-308-200,18,1,0,0,0,19,3.947,0,0,0,0,0,19,BLANTON H
COMM-308-500,45,40,13,7,0,105,3.171,0,0,0,1,0,106,BLANTON H
COMM-308-501,22,54,20,1,0,97,3.000,0,0,0,1,0,98,STREET R
COMM-315-200,7,0,0,0,0,7,4.000,0,0,0,0,0,7,HOLLADAY S
COMM-315-500,39,54,23,6,0,122,3.032,0,0,0,1,0,123,HOLLADAY S
COMM-315-502,14,21,7,0,0,42,3.166,0,0,0,0,0,42,GLOECKNER P
COMM-315-599,81,12,5,1,1,100,3.710,0,0,0,0,0,100,WESNER K
COMM-320-200,11,1,0,0,0,12,3.916,0,0,0,0,0,12,HODGDON K
COMM-320-500,51,40,17,1,4,113,3.176,0,0,0,1,0,114,HODGDON K
COMM-321-500,18,0,0,0,0,18,4.000,0,0,0,0,0,18,PARISH N
COMM-322-500,17,8,0,1,1,27,3.444,0,0,0,0,0,27,PARISH N
COMM-323-500,29,25,15,3,0,72,3.111,0,0,0,0,0,72,COOMBS W
COMM-324-500,26,12,2,0,0,40,3.600,0,0,0,0,0,40,STREET N
COMM-325-501,47,47,29,1,1,125,3.104,0,0,0,6,0,131,LUECK J
COMM-325-599,40,34,15,2,2,93,3.161,0,0,0,4,0,97,WESNER K
COMM-327-500,8,15,1,0,0,24,3.291,0,0,0,1,0,25,RULE F
COMM-330-501,3,24,4,0,0,31,2.967,0,0,0,2,0,33,WALLIS C
COMM-330-502,14,15,3,0,1,33,3.242,0,0,0,1,0,34,CAMPBELL H
COMM-335-200,10,3,1,0,0,14,3.642,0,0,0,0,0,14,TARVIN D
COMM-335-500,47,102,51,9,2,211,2.867,0,0,0,4,0,215,TARVIN D
COMM-335-502,39,48,9,0,1,97,3.278,0,0,0,2,0,99,WALLIS C
COMM-335-550,7,4,0,0,0,11,3.636,0,0,0,0,0,11,BARGE J
COMM-350-500,9,12,17,0,0,38,2.789,0,0,0,0,0,38,RAMASUBRAMANIAN S
COMM-360-500,10,24,15,5,1,55,2.672,0,0,0,1,0,56,SUMPTER R
COMM-360-550,5,4,0,0,0,9,3.555,0,0,0,3,0,12,BRAMAN S
COMM-365-500,7,27,3,1,0,38,3.052,0,0,0,1,0,39,EHRL M
COMM-370-500,8,14,10,1,0,33,2.878,0,0,0,1,0,34,BRANNON G
COMM-375-501,36,47,15,3,0,101,3.148,0,0,0,2,0,103,MILLER L
COMM-407-900,10,8,1,0,0,19,3.473,0,0,0,0,0,19,RAMASUBRAMANIAN S
COMM-407-901,10,7,2,0,0,19,3.421,0,0,0,0,0,19,MILLER L
COMM-411-900,18,1,0,0,0,19,3.947,0,0,0,0,0,19,ASCHENBECK S
COMM-415-901,18,5,1,0,0,24,3.708,0,0,0,0,0,24,DUNAWAY J
COMM-428-900,17,2,0,0,0,19,3.894,0,0,0,0,0,19,DUBRIWNY T
COMM-434-950,16,0,0,0,0,16,4.000,0,0,0,0,0,16,CRICK N
COMM-435-900,14,3,1,0,0,18,3.722,0,0,0,0,0,18,ROLD M
COMM-438-900,13,10,0,0,0,23,3.565,0,0,0,0,0,23,CRICK N
COMM-443-900,12,7,0,0,0,19,3.631,0,0,0,0,0,19,ROWE S
COMM-443-970,4,1,0,0,0,5,3.800,0,0,0,0,0,5,ROWE S
COMM-446-900,10,4,0,0,0,14,3.714,1,0,0,0,0,15,CONRAD C
COMM-446-901,6,10,5,1,0,22,2.954,0,0,0,2,0,24,HOLLADAY S
COMM-446-970,7,2,0,0,0,9,3.777,0,0,0,0,0,9,CONRAD C
COMM-447-900,21,2,1,0,0,24,3.833,0,0,0,0,0,24,WOLFE A
COMM-450-900,15,7,2,0,0,24,3.541,0,0,0,0,0,24,ROLD M
COMM-453-900,2,16,2,1,0,21,2.904,0,0,0,2,0,23,BURKART P
COMM-460-901,7,9,7,0,0,23,3.000,0,0,0,1,0,24,SUMPTER R
COMM-460-902,3,14,2,1,0,20,2.950,0,0,0,0,0,20,BURKART P
COMM-460-950,15,0,0,0,0,15,4.000,0,0,0,0,0,15,MERCIECA J
COMM-470-900,15,9,0,0,0,24,3.625,0,0,0,0,0,24,LUECK J
COMM-470-901,5,7,10,0,1,23,2.652,0,0,0,0,0,23,RAUSCHER E
COMM-470-950,5,10,0,0,0,15,3.333,0,0,0,0,0,15,RAUSCHER E
COMM-485-504,47,3,2,0,0,52,3.865,0,0,0,0,0,52,STREET N
COMM-485-507,13,0,0,0,0,13,4.000,0,0,0,0,0,13,TARVIN D
COMM-636-606,7,1,0,0,0,8,3.875,0,0,0,0,0,8,WOLFE A
COMM-658-600,5,0,0,0,0,5,4.000,0,0,0,0,0,5,MERCIECA J
COMM-665-600,3,1,2,0,0,6,3.166,0,0,0,0,0,6,CAMPBELL H
COMM-670-600,6,1,0,0,0,7,3.857,0,0,0,0,0,7,TANG L
COMM-689-600,3,3,0,0,0,6,3.500,0,0,0,0,0,6,GOIDEL R
DEPARTMENT TOTAL:,1940,1694,537,75,30,4276,3.267,3,0,0,88,10,4377
ECMT-461-901,7,4,3,1,0,15,3.133,0,0,0,5,0,20,SCHULMAN C
ECMT-461-902,11,8,1,0,0,20,3.500,0,0,0,2,0,22,SCHULMAN C
ECMT-461-903,3,11,4,0,2,20,2.650,0,0,0,0,0,20,SCHULMAN C
ECMT-461-904,1,4,3,0,0,8,2.750,0,0,0,2,0,10,SCHULMAN C
ECMT-461-905,3,16,1,1,0,21,3.000,0,0,0,1,0,22,LENZ E
ECMT-461-906,13,7,2,1,0,23,3.391,0,0,0,0,0,23,LENZ E
ECMT-461-907,7,5,7,1,0,20,2.900,1,0,0,0,0,21,LENZ E
ECMT-461-908,11,10,1,0,0,22,3.454,0,0,0,0,0,22,LENZ E
ECMT-463-901,7,11,3,2,0,23,3.000,0,0,0,0,0,23,NAUFAL G
ECMT-463-902,5,11,4,2,1,23,2.739,0,0,0,0,0,23,NAUFAL G
ECMT-463-903,3,15,4,0,0,22,2.954,0,0,0,1,0,23,NAUFAL G
ECMT-463-904,4,13,5,1,0,23,2.869,0,0,0,0,0,23,NAUFAL G
ECMT-463-905,7,7,1,0,0,15,3.400,1,0,0,2,0,18,AN Y
ECMT-463-906,8,10,0,0,2,20,3.100,0,0,0,1,0,21,AN Y
ECMT-463-907,4,5,3,0,1,13,2.846,0,0,0,2,0,15,AN Y
ECMT-463-908,3,6,7,2,0,18,2.555,0,0,0,6,0,24,HWANG H
ECMT-463-909,6,7,3,4,0,20,2.750,0,0,0,1,0,21,HWANG H
ECMT-463-910,4,10,2,1,1,18,2.833,0,0,0,5,0,23,HWANG H
ECMT-475-500,7,7,3,0,2,19,2.894,0,0,0,4,0,23,SEKHPOSYAN T
ECMT-674-600,48,61,9,1,0,119,3.310,0,0,0,1,0,120,SEKHPOSYAN T
ECMT-676-600,6,12,7,0,0,25,2.960,0,0,0,0,0,25,LINDO J
ECMT-678-600,7,0,0,0,0,7,4.000,0,0,0,0,0,7,FANG Z
ECMT-680-600,52,34,1,0,0,87,3.586,0,0,0,0,0,87,LI Q
ECON-202-599,369,497,320,81,42,1309,2.817,0,0,0,126,0,1435,MEER J
ECON-203-201,9,6,0,0,0,15,3.600,0,0,0,0,0,15,EDWARDSON J
ECON-203-501,42,27,19,10,6,104,2.855,0,0,0,6,0,110,PAKHOTINA N
ECON-203-502,71,86,53,24,7,241,2.788,1,0,0,11,0,253,EDWARDSON J
ECON-203-503,16,25,14,5,2,62,2.774,0,0,0,4,0,66,EDWARDSON J
ECON-311-500,46,91,78,8,7,230,2.700,1,0,0,21,0,252,EDWARDSON J
ECON-312-500,10,13,12,3,2,40,2.650,0,0,0,4,0,44,RETTENMAIER A
ECON-318-900,5,3,8,1,1,18,2.555,0,0,0,0,0,18,URETA M
ECON-323-501,43,41,4,0,0,88,3.443,0,0,0,1,0,89,ZHAO N
ECON-323-502,51,58,74,29,9,221,2.511,0,0,0,5,0,226,STREET B
ECON-323-503,70,91,36,9,1,207,3.062,0,1,0,4,0,212,HOUSE D
ECON-330-501,16,31,33,9,2,91,2.549,0,0,0,9,0,100,PAKHOTINA N
ECON-330-502,21,32,45,5,3,106,2.594,0,0,0,14,0,120,PAKHOTINA N
ECON-410-501,56,54,10,1,0,121,3.363,0,0,0,3,0,124,GAN D
ECON-410-502,43,57,19,5,2,126,3.063,0,0,0,0,0,126,ZHANG Y
ECON-410-901,7,4,2,0,0,13,3.384,0,0,0,1,0,14,ZHANG Y
ECON-412-501,15,25,11,5,1,57,2.842,0,0,0,3,0,60,LIU L
ECON-414-500,4,16,19,3,2,44,2.386,0,0,0,6,0,50,MANESS R
ECON-414-501,2,15,16,0,0,33,2.575,0,0,0,1,0,34,MANESS R
ECON-418-500,9,18,17,5,0,49,2.632,2,0,0,9,0,60,URETA M
ECON-420-500,17,37,11,2,0,67,3.029,0,0,0,1,0,68,NAUFAL G
ECON-440-501,8,19,4,2,1,34,2.911,0,0,0,0,0,34,PETRIE R
ECON-440-502,8,11,5,3,1,28,2.785,0,0,0,2,0,30,CASTILLO M
ECON-445-500,18,12,4,4,3,41,2.926,0,0,0,4,0,45,HWANG H
ECON-452-500,76,10,2,0,0,88,3.840,1,0,0,0,0,89,LENZ E
ECON-452-501,79,56,20,0,0,155,3.380,0,0,0,1,0,156,GLASS A
ECON-459-501,28,9,5,1,2,45,3.333,0,0,0,0,0,45,HSU S
ECON-465-500,12,12,1,1,0,26,3.346,0,0,0,2,0,28,VARGHESE A
ECON-470-500,7,12,4,1,1,25,2.920,0,0,0,1,0,26,LINDO J
ECON-485-500,20,6,2,1,0,29,3.551,0,0,0,0,0,29,GRONBERG T
ECON-489-200,8,1,0,0,0,9,3.888,0,0,0,1,0,10,JANSEN D
ECON-604-600,7,1,0,0,0,8,3.875,0,0,0,0,0,8,MEER J
ECON-611-600,14,4,0,0,0,18,3.777,0,0,0,8,112,138,BENTO P
ECON-617-600,20,12,0,0,0,32,3.625,0,0,0,0,0,32,GLASS A
ECON-630-600,9,19,4,0,0,32,3.156,0,0,0,0,0,32,KRASTEVA S
ECON-646-600,6,7,0,0,0,13,3.461,0,0,0,0,0,13,JANSEN D
ECON-659-600,8,0,0,0,0,8,4.000,0,0,0,0,0,8,CASTILLO M
ECON-685-678,15,0,0,0,0,15,4.000,0,0,0,0,0,15,GAN L
ECON-689-600,12,0,0,0,0,12,4.000,0,0,0,0,0,12,PETRIE R
ENGL-104-502,7,11,3,0,0,21,3.190,0,0,0,4,0,25,NAIR D
ENGL-104-503,10,12,0,1,1,24,3.208,0,0,0,1,0,25,NAIR D
ENGL-104-504,5,11,3,2,2,23,2.652,0,0,0,1,0,24,NAIR D
ENGL-104-507,16,6,0,0,2,24,3.416,0,0,0,0,0,24,TODD D
ENGL-104-508,20,5,0,0,0,25,3.800,0,0,0,0,0,25,TODD D
ENGL-104-509,7,9,7,0,1,24,2.875,0,0,0,1,0,25,PANTUSO T
ENGL-104-510,10,12,0,2,0,24,3.250,0,0,0,0,0,24,PANTUSO T
ENGL-104-511,11,6,3,3,0,23,3.086,0,0,0,0,0,23,PANTUSO T
ENGL-104-512,5,14,4,0,0,23,3.043,0,0,0,1,0,24,PANTUSO T
ENGL-104-513,15,6,2,1,0,24,3.458,0,0,0,0,0,24,MCCOUL M
ENGL-104-514,14,3,3,2,1,23,3.173,0,0,0,2,0,25,MCCOUL M
ENGL-104-515,7,9,4,1,3,24,2.666,0,0,0,0,0,24,MCCOUL M
ENGL-104-516,12,9,1,0,1,23,3.347,0,0,0,1,0,24,MCCOUL M
ENGL-104-519,14,9,0,0,0,23,3.608,0,0,0,1,0,24,BACA M
ENGL-104-520,20,3,2,0,0,25,3.720,0,0,0,0,0,25,BRENNER C
ENGL-104-523,25,0,0,0,0,25,4.000,0,0,0,0,0,25,FLOWERS S
ENGL-104-524,17,6,1,1,0,25,3.560,0,0,0,0,0,25,GONZENBACH S
ENGL-104-525,11,10,0,0,1,22,3.363,0,0,0,3,0,25,HENEKS G
ENGL-104-526,15,8,2,0,0,25,3.520,0,0,0,0,0,25,FRANCIS J
ENGL-104-527,20,4,0,0,0,24,3.833,0,0,0,0,0,24,MCDONALD R
ENGL-104-528,14,7,1,1,0,23,3.478,0,0,0,1,0,24,PLUMMER J
ENGL-104-529,25,0,0,0,0,25,4.000,0,0,0,0,0,25,ROGERS J
ENGL-104-530,23,1,1,0,0,25,3.880,0,0,0,0,0,25,SADLER L
ENGL-104-531,20,3,0,0,2,25,3.560,0,0,0,0,0,25,SADLER L
ENGL-104-532,9,13,1,0,0,23,3.347,0,0,0,0,0,23,BLACKWELL C
ENGL-104-533,8,9,1,0,4,22,2.772,0,0,0,2,0,24,BLACKWELL C
ENGL-104-534,5,9,3,1,1,19,2.842,1,0,0,4,0,24,BLACKWELL C
ENGL-104-535,14,8,1,0,2,25,3.280,0,0,0,0,0,25,COOPER R
ENGL-104-536,14,6,3,1,0,24,3.375,0,0,0,1,0,25,COOPER R
ENGL-104-537,11,7,3,2,0,23,3.173,0,0,0,1,0,24,COOPER R
ENGL-104-538,16,8,1,0,0,25,3.600,0,0,0,0,0,25,FRANCIS J
ENGL-104-539,14,8,0,1,1,24,3.375,0,0,0,0,0,24,FRANCIS J
ENGL-104-541,10,6,4,0,1,21,3.142,0,0,0,1,0,22,BISTLINE E
ENGL-104-543,2,9,7,3,0,21,2.476,0,0,0,2,0,23,BISTLINE E
ENGL-104-544,16,6,2,0,0,24,3.583,0,0,0,0,0,24,ROZIER J
ENGL-104-545,17,2,0,0,0,19,3.894,5,0,0,1,0,25,CARLY-MILES C
ENGL-104-546,5,17,1,1,1,25,2.960,0,0,0,0,0,25,BLACKWELL C
ENGL-104-547,12,9,2,1,0,24,3.333,0,0,0,0,0,24,ZHANG Z
ENGL-104-548,16,6,3,0,0,25,3.520,0,0,0,0,0,25,BITGOOD N
ENGL-104-549,6,7,5,4,0,22,2.681,0,0,0,0,0,22,YI U
ENGL-104-550,8,7,5,0,2,22,2.863,0,0,0,0,0,22,LEMIRE S
ENGL-202-500,11,10,5,0,1,27,3.111,0,0,0,6,0,33,BOENIG R
ENGL-203-200,7,2,2,0,0,11,3.454,0,0,0,3,4,18,OZMENT K
ENGL-203-501,15,5,1,0,1,22,3.500,0,0,0,1,0,23,CARDOSO DE LEMOS G
ENGL-203-502,12,10,0,0,0,22,3.545,0,0,0,1,0,23,ESTRADA-CARPENTER A
ENGL-203-503,8,13,2,1,1,25,3.040,0,0,0,0,0,25,ARNOLD L
ENGL-203-504,13,11,1,0,0,25,3.480,0,0,0,0,0,25,BAE K
ENGL-203-505,14,7,2,0,0,23,3.521,0,0,0,1,0,24,BAE K
ENGL-203-506,14,8,2,0,1,25,3.360,0,0,0,0,0,25,EMBREE D
ENGL-203-507,6,6,0,0,0,12,3.500,1,0,0,0,0,13,EMBREE D
ENGL-203-508,11,11,1,0,1,24,3.291,0,0,0,1,0,25,ADANU E
ENGL-203-509,13,11,0,0,0,24,3.541,0,0,0,1,0,25,PETERSON N
ENGL-203-510,16,5,1,0,1,23,3.521,0,0,0,2,0,25,KIM H
ENGL-203-511,9,9,6,1,0,25,3.040,0,0,0,0,0,25,LEE S
ENGL-203-512,10,10,0,1,0,21,3.380,0,0,0,3,0,24,LEE S
ENGL-203-513,17,6,1,0,0,24,3.666,0,0,0,0,0,24,LIEBE L
ENGL-203-514,19,2,3,0,1,25,3.520,0,0,0,0,0,25,LIEBE L
ENGL-203-515,8,10,2,4,0,24,2.916,0,0,0,1,0,25,SANDLIN L
ENGL-203-516,19,6,0,0,0,25,3.760,0,0,0,0,0,25,SCHUTZ S
ENGL-203-517,16,7,0,0,1,24,3.541,0,0,0,1,0,25,PFUNTNER D
ENGL-203-518,19,4,1,0,0,24,3.750,0,0,0,1,0,25,PFUNTNER D
ENGL-203-519,16,7,0,0,1,24,3.541,0,0,0,0,0,24,PFUNTNER D
ENGL-203-520,18,4,1,1,0,24,3.625,0,0,0,0,0,24,PFUNTNER D
ENGL-203-521,19,6,0,0,0,25,3.760,0,0,0,0,0,25,ROZIER J
ENGL-203-522,15,9,0,0,0,24,3.625,0,0,0,1,0,25,ROZIER J
ENGL-203-523,17,6,1,0,0,24,3.666,0,0,0,0,0,24,ROZIER J
ENGL-203-524,13,10,1,0,1,25,3.360,0,0,0,0,0,25,WILTON D
ENGL-203-525,8,12,2,0,1,23,3.130,0,0,0,0,0,23,WILTON D
ENGL-203-526,15,7,0,1,1,24,3.416,0,0,0,1,0,25,WILTON D
ENGL-203-527,8,16,0,1,0,25,3.240,0,0,0,0,0,25,WILTON D
ENGL-203-528,20,3,0,0,0,23,3.869,0,0,0,1,0,24,SCHUTZ S
ENGL-203-529,5,15,2,1,1,24,2.916,0,0,0,1,0,25,SANDLIN L
ENGL-203-530,15,3,2,2,2,24,3.125,0,0,0,0,0,24,CARDOSO DE LEMOS G
ENGL-205-500,10,19,3,0,0,32,3.218,0,0,0,1,0,33,GARRITANO C
ENGL-209-500,7,4,0,1,0,12,3.416,0,0,0,1,0,13,KENDALL S
ENGL-210-200,19,2,0,0,0,21,3.904,0,0,0,0,0,21,MCKINNEY M
ENGL-210-500,5,9,2,0,0,16,3.187,0,0,0,0,0,16,COCHRUM A
ENGL-210-501,1,14,6,1,1,23,2.565,0,0,0,2,0,25,COCHRUM A
ENGL-210-502,10,14,1,0,0,25,3.360,0,0,0,0,0,25,WILSON C
ENGL-210-503,7,16,1,0,0,24,3.250,0,0,0,1,0,25,WILSON C
ENGL-210-504,1,16,7,0,0,24,2.750,0,0,0,1,0,25,WILSON C
ENGL-210-505,0,15,7,0,0,22,2.681,0,0,0,1,0,23,COCHRUM A
ENGL-210-506,7,6,4,2,3,22,2.545,0,0,0,3,0,25,NAIR D
ENGL-210-507,14,6,2,1,0,23,3.434,0,0,0,2,0,25,MCKINNEY M
ENGL-210-508,17,6,1,0,0,24,3.666,0,0,0,1,0,25,MCKINNEY M
ENGL-210-509,14,3,5,1,0,23,3.304,0,0,0,1,0,24,MCKINNEY M
ENGL-210-510,18,6,0,0,0,24,3.750,0,0,0,0,0,24,PATTISON K
ENGL-210-511,20,5,0,0,0,25,3.800,0,0,0,0,0,25,PATTISON K
ENGL-210-512,19,5,0,0,0,24,3.791,0,0,0,1,0,25,PATTISON K
ENGL-210-513,4,12,1,1,2,20,2.750,0,0,0,5,0,25,DUPLESSIS N
ENGL-210-514,11,10,1,0,0,22,3.454,0,0,0,3,0,25,DUPLESSIS N
ENGL-210-515,7,13,2,1,1,24,3.000,0,0,0,1,0,25,DUPLESSIS N
ENGL-210-516,18,3,3,0,0,24,3.625,0,0,0,1,0,25,TODD D
ENGL-210-517,17,6,2,0,0,25,3.600,0,0,0,0,0,25,TODD D
ENGL-210-571,3,12,6,0,0,21,2.857,0,0,0,3,0,24,BISTLINE E
ENGL-210-572,1,15,4,1,1,22,2.636,0,0,0,2,1,25,BISTLINE E
ENGL-210-573,20,2,1,0,0,23,3.826,1,0,0,1,0,25,ALEXANDER G
ENGL-210-574,20,3,1,0,0,24,3.791,0,0,0,1,0,25,BARTZ E
ENGL-210-575,10,12,1,0,0,23,3.391,2,0,0,0,0,25,CARLY-MILES C
ENGL-210-576,15,9,0,0,0,24,3.625,0,0,0,1,0,25,CARLY-MILES C
ENGL-210-577,8,10,5,1,1,25,2.920,0,0,0,0,0,25,CARLY-MILES C
ENGL-210-578,15,3,2,0,0,20,3.650,0,0,0,3,0,23,BARTZ E
ENGL-210-579,19,5,0,0,1,25,3.640,0,0,0,0,0,25,AHN H
ENGL-210-580,11,12,0,0,0,23,3.478,0,0,0,2,0,25,CHOI S
ENGL-210-581,6,8,5,1,2,22,2.681,0,0,0,3,0,25,CLOUGH K
ENGL-210-582,10,6,6,2,0,24,3.000,0,0,0,1,0,25,CLOUGH K
ENGL-210-583,13,10,1,0,1,25,3.360,0,0,0,0,0,25,WILSON N
ENGL-210-584,22,3,0,0,0,25,3.880,0,0,0,0,0,25,MOHAMMED U
ENGL-210-585,19,2,2,0,1,24,3.583,0,0,0,1,0,25,PETERSON N
ENGL-210-586,19,3,0,0,1,23,3.695,0,0,0,2,0,25,PETERSON N
ENGL-210-587,11,10,2,0,1,24,3.250,0,0,0,1,0,25,CHUNG S
ENGL-210-588,18,5,1,0,0,24,3.708,0,0,0,0,0,24,CHOI S
ENGL-210-589,12,12,0,0,1,25,3.360,0,0,0,0,0,25,AHN H
ENGL-210-590,5,0,1,0,0,6,3.666,0,0,0,0,19,25,KIM G
ENGL-210-591,18,5,0,1,1,25,3.520,0,0,0,0,0,25,PETERSON N
ENGL-210-592,13,7,2,1,1,24,3.250,0,0,0,1,0,25,DICAGLIO S
ENGL-210-593,12,12,0,0,0,24,3.500,0,0,0,1,0,25,DICAGLIO S
ENGL-210-594,13,9,1,0,1,24,3.375,0,0,0,1,0,25,DICAGLIO S
ENGL-210-595,17,7,1,0,0,25,3.640,0,0,0,0,0,25,DICAGLIO S
ENGL-210-596,13,9,1,0,1,24,3.375,0,0,0,1,0,25,DICAGLIO S
ENGL-210-597,14,9,2,0,0,25,3.480,0,0,0,0,0,25,DICAGLIO S
ENGL-210-598,9,13,1,0,0,23,3.347,0,0,0,2,0,25,DICAGLIO S
ENGL-210-599,12,11,1,0,0,24,3.458,0,0,0,0,0,24,DICAGLIO S
ENGL-210-M01,2,4,1,0,1,8,2.750,0,0,0,2,21,31,NEIGHBORS R
ENGL-212-500,26,10,2,0,0,38,3.631,0,0,0,3,0,41,EZELL-MAINZER M
ENGL-219-500,2,4,1,0,0,7,3.142,0,0,0,8,0,15,HOAGWOOD T
ENGL-219-501,5,2,1,1,0,9,3.222,0,0,0,4,0,13,HOAGWOOD T
ENGL-221-500,13,19,2,0,0,34,3.323,0,0,0,3,0,37,KALLENDORF C
ENGL-221-501,13,13,4,1,2,33,3.030,0,0,0,0,0,33,DICKSON D
ENGL-222-200,6,1,0,0,0,7,3.857,0,0,0,0,0,7,MARCHESINI M
ENGL-222-501,51,35,4,0,2,92,3.445,0,0,0,7,0,99,MARCHESINI M
ENGL-227-500,16,9,4,0,0,29,3.413,0,0,0,2,0,31,ROZIER J
ENGL-228-501,13,12,8,0,0,33,3.151,0,0,0,1,0,34,CLARK W
ENGL-231-501,21,4,1,0,1,27,3.629,0,0,0,3,0,30,GRIFFIN R
ENGL-235-501,2,6,1,0,1,10,2.800,0,0,0,1,0,11,HARRIS J
ENGL-235-502,14,4,1,0,1,20,3.500,0,0,0,0,0,20,FRANCIS J
ENGL-235-503,8,13,3,0,1,25,3.080,0,0,0,0,0,25,WHITE L
ENGL-235-504,14,7,0,0,1,22,3.500,0,0,0,1,0,23,WHITE L
ENGL-251-500,44,12,5,0,3,64,3.468,0,0,0,0,0,64,ELLIS L
ENGL-285-518,5,0,0,0,0,5,4.000,0,0,0,0,0,5,ROBINSON E
ENGL-285-519,9,1,0,0,0,10,3.900,0,0,0,0,0,10,ROBINSON E
ENGL-303-901,10,2,3,0,0,15,3.466,0,0,0,0,0,15,DWORKIN I
ENGL-303-902,6,8,3,0,0,17,3.176,0,0,0,0,0,17,EGENOLF S
ENGL-303-903,13,3,0,0,1,17,3.588,0,0,0,0,0,17,PILSCH A
ENGL-303-904,11,6,2,0,0,19,3.473,0,0,0,1,0,20,VASILAKIS A
ENGL-305-500,10,21,2,0,1,34,3.147,0,0,0,0,0,34,EARHART A
ENGL-305-501,3,6,7,0,1,17,2.588,0,0,0,1,0,18,EGENOLF S
ENGL-306-500,40,17,4,2,0,63,3.507,0,0,0,1,0,64,JOHANSEN E
ENGL-308-900,3,2,3,1,1,10,2.500,0,0,0,0,0,10,REDDY V
ENGL-310-500,21,6,0,0,0,27,3.777,0,0,0,1,0,28,TORABI K
ENGL-313-500,19,7,1,1,0,28,3.571,0,0,0,2,0,30,TORABI K
ENGL-313-501,10,13,12,0,1,36,2.861,1,0,0,2,0,39,WARREN N
ENGL-314-500,27,6,1,1,1,36,3.583,0,0,0,0,0,36,HAGSTROM-SCHMIDT N
ENGL-316-500,8,13,4,0,0,25,3.160,0,0,0,5,0,30,OZMENT K
ENGL-317-500,6,13,0,0,0,19,3.315,1,0,0,1,0,21,JUNG Y
ENGL-320-500,21,2,0,0,0,23,3.913,0,0,0,0,0,23,DICAGLIO J
ENGL-321-500,20,10,1,0,0,31,3.612,1,0,0,0,0,32,THIELMAN F
ENGL-323-500,20,8,3,1,0,32,3.468,0,0,0,1,0,33,HODGSON L
ENGL-330-500,15,11,11,0,0,37,3.108,0,0,0,1,0,38,BOENIG R
ENGL-330-501,5,1,0,2,1,9,2.777,0,0,0,2,0,11,BLACKWELL C
ENGL-331-500,15,10,4,2,1,32,3.125,0,0,0,2,1,35,COOPER R
ENGL-333-500,7,5,3,0,1,16,3.062,0,0,0,2,0,18,TUHKANEN M
ENGL-333-501,5,4,1,0,1,11,3.090,0,0,0,0,0,11,TUHKANEN M
ENGL-334-500,22,46,25,11,1,105,2.733,0,2,0,13,2,122,HARRIS J
ENGL-337-500,20,14,5,1,0,40,3.325,1,0,0,0,0,41,CLARK W
ENGL-338-501,11,17,2,0,0,30,3.300,0,0,0,2,0,32,REDDY V
ENGL-340-500,6,16,6,3,0,31,2.806,0,0,0,1,0,32,JACKSON S
ENGL-345-500,13,8,0,0,0,21,3.619,0,0,0,3,0,24,WHITE L
ENGL-350-500,7,12,1,0,0,20,3.300,0,0,0,0,0,20,JOHANSEN E
ENGL-351-500,4,3,2,0,0,9,3.222,0,0,0,0,0,9,ALONZO J
ENGL-352-500,102,23,6,3,3,137,3.591,0,0,0,2,0,139,EIDE M
ENGL-354-900,11,6,1,0,0,18,3.555,1,0,0,0,0,19,DICAGLIO J
ENGL-355-500,14,3,1,0,0,18,3.722,0,0,0,2,0,20,DUPLESSIS N
ENGL-355-501,17,2,2,0,1,22,3.545,2,0,0,0,0,24,DICAGLIO S
ENGL-356-501,16,10,4,0,0,30,3.400,0,0,0,0,0,30,FRANCIS J
ENGL-356-502,24,5,1,0,0,30,3.766,0,0,0,0,0,30,BHATTACHARYA N
ENGL-359-500,4,4,0,0,0,8,3.500,0,0,0,0,0,8,STABILE S
ENGL-360-200,6,0,0,0,0,6,4.000,0,0,0,0,0,6,CARLY-MILES C
ENGL-360-500,26,2,0,0,0,28,3.928,0,0,0,1,0,29,CARLY-MILES C
ENGL-360-501,20,8,3,0,1,32,3.437,0,0,0,2,0,34,STOVER D
ENGL-360-502,14,12,5,2,1,34,3.058,0,0,0,1,0,35,HODGSON L
ENGL-361-500,18,12,5,0,0,35,3.371,0,0,0,0,0,35,ROBINSON E
ENGL-361-501,14,11,7,2,1,35,3.000,0,0,0,2,0,37,PATTISON K
ENGL-361-502,8,21,4,0,1,34,3.029,0,0,0,1,0,35,ROBINSON E
ENGL-362-501,6,13,6,0,0,25,3.000,0,0,0,0,0,25,ALONZO J
ENGL-362-502,10,14,2,0,1,27,3.185,1,0,0,2,0,30,HENEKS G
ENGL-365-500,11,16,1,0,0,28,3.357,0,0,0,1,0,29,PFANNKOCH T
ENGL-365-501,22,11,3,0,0,36,3.527,0,0,0,1,0,37,WOLLOCK J
ENGL-374-200,6,0,0,0,0,6,4.000,0,0,0,0,0,6,ROBINSON S
ENGL-374-500,52,31,12,2,0,97,3.371,0,0,0,2,0,99,ROBINSON S
ENGL-376-500,21,12,1,0,1,35,3.485,0,0,0,0,1,36,SHAKE N
ENGL-377-500,20,5,4,0,2,31,3.322,0,0,0,1,0,32,O'FARRELL M
ENGL-378-500,29,5,0,0,0,34,3.852,0,0,0,0,0,34,ROSS S
ENGL-379-500,4,18,1,0,1,24,3.000,0,0,0,1,0,25,JACKSON S
ENGL-391-500,19,11,1,0,0,31,3.580,1,0,0,1,0,33,HARRIS J
ENGL-393-500,17,4,6,0,1,28,3.285,0,0,0,2,0,30,DWORKIN I
ENGL-394-500,11,12,5,0,1,29,3.103,0,0,0,1,0,30,ROBINSON E
ENGL-396-500,5,6,6,1,0,18,2.833,0,0,0,0,0,18,REYNOLDS L
ENGL-412-500,6,4,1,1,0,12,3.250,0,0,0,0,0,12,PERRY N
ENGL-462-500,9,2,0,0,1,12,3.500,0,0,0,0,0,12,BUSTAMANTE C
ENGL-481-901,9,7,0,1,1,18,3.222,0,0,0,0,0,18,BHATTACHARYA N
ENGL-481-902,10,9,0,0,0,19,3.526,0,0,0,0,0,19,COLLINS M
ENGL-481-903,9,6,3,0,0,18,3.333,0,0,0,1,0,19,ESTILL L
ENGL-481-904,9,6,0,0,0,15,3.600,0,0,0,3,0,18,GRIFFIN R
ENGL-481-905,7,10,2,0,0,19,3.263,0,0,0,0,0,19,WARREN N
ENGL-481-906,4,9,5,0,0,18,2.944,0,0,0,0,0,18,DICKSON D
ENGL-604-600,15,0,0,0,0,15,4.000,0,0,0,0,0,15,EARHART A
ENGL-608-600,8,0,0,0,0,8,4.000,0,0,0,0,0,8,WOLLOCK J
ENGL-623-600,10,2,0,0,0,12,3.833,0,0,0,0,0,12,STABILE S
ENGL-634-600,10,2,0,0,0,12,3.833,0,0,0,0,0,12,O'FARRELL M
ENGL-653-600,6,0,0,0,0,6,4.000,0,0,0,0,0,6,ROSS S
ENGL-667-600,7,0,0,0,0,7,4.000,0,0,0,0,0,7,PILSCH A
ENGL-672-600,8,3,0,0,0,11,3.727,0,0,0,0,0,11,REYNOLDS L
ENGL-680-600,9,0,0,0,0,9,4.000,1,0,0,0,0,10,EIDE M
LING-209-500,13,3,1,0,1,18,3.500,0,0,0,0,0,18,KENDALL S
LING-307-500,9,0,1,1,0,11,3.545,0,0,0,1,0,12,KENDALL S
HISP-250-500,6,0,0,0,0,6,4.000,0,0,0,0,0,6,LAWO-SUKAM A
HISP-250-501,6,0,0,0,0,6,4.000,0,0,0,3,0,9,ESPINA E
HISP-362-501,2,2,1,0,0,5,3.200,0,0,0,0,0,5,ALONZO J
HISP-362-503,19,0,0,0,0,19,4.000,0,0,0,0,0,19,MOREIRAS A
HISP-630-600,4,1,0,0,0,5,3.800,0,0,0,0,0,5,GALDO J
HISP-650-600,5,0,0,0,0,5,4.000,0,0,0,0,0,5,ZAPATA G
HISP-660-600,7,0,0,0,0,7,4.000,0,0,0,0,0,7,VILAROS T
SPAN-101-500,23,0,0,0,0,23,4.000,0,0,0,2,0,25,ALFONSO ENTRALGO Y
SPAN-101-501,24,0,0,0,0,24,4.000,0,0,0,1,0,25,ALFONSO ENTRALGO Y
SPAN-101-502,25,0,0,0,0,25,4.000,0,0,0,0,0,25,RIBOTA A
SPAN-101-504,24,1,0,0,0,25,3.960,0,0,0,0,0,25,ROCHA ROJAS S
SPAN-101-507,18,4,1,1,0,24,3.625,0,0,0,1,0,25,GUTKE C
SPAN-102-501,17,7,1,0,0,25,3.640,0,0,0,0,0,25,DIAZ SARDINAS L
SPAN-102-502,17,4,3,0,1,25,3.440,0,0,0,0,0,25,SERRANO-VINUELAS P
SPAN-102-503,22,2,1,0,0,25,3.840,0,0,0,0,0,25,PEREZ-SMITH A
SPAN-102-504,19,3,0,0,0,22,3.863,0,0,0,1,0,23,RUBI CORDOVI R
SPAN-102-505,10,14,1,0,0,25,3.360,0,0,0,0,0,25,KING A
SPAN-102-506,24,1,0,0,0,25,3.960,0,0,0,0,0,25,SERRANO-VINUELAS P
SPAN-102-508,21,3,0,0,0,24,3.875,0,0,0,1,0,25,RUBI CORDOVI R
SPAN-102-509,23,0,0,0,0,23,4.000,0,0,0,0,0,23,YANES FERNANDEZ I
SPAN-102-510,13,11,0,1,0,25,3.440,0,0,0,0,0,25,KING A
SPAN-102-511,20,2,1,1,0,24,3.708,0,0,0,1,0,25,PEREZ-SMITH A
SPAN-201-200,6,0,0,0,0,6,4.000,0,0,0,0,0,6,ARIZPE N
SPAN-201-501,18,2,0,1,0,21,3.761,0,0,0,1,0,22,URIBE GUAJARDO A
SPAN-201-502,19,5,1,0,0,25,3.720,0,0,0,0,0,25,ARENIVAR A
SPAN-201-503,13,3,0,0,0,16,3.812,0,0,0,0,0,16,ARIZPE N
SPAN-201-504,15,8,0,0,0,23,3.652,0,0,0,0,0,23,CABRERA ORTEGA Y
SPAN-201-506,23,1,0,0,0,24,3.958,0,0,0,0,0,24,YAGUE GONZALEZ D
SPAN-201-507,14,9,0,0,0,23,3.608,0,0,0,0,0,23,AGUILAR Z
SPAN-201-508,18,5,0,0,0,23,3.782,0,0,0,0,0,23,ROBLES GARCIA D
SPAN-201-509,17,6,0,0,0,23,3.739,0,0,0,0,0,23,CABRERA ORTEGA Y
SPAN-202-200,6,0,0,0,0,6,4.000,0,0,0,0,0,6,ARIZPE V
SPAN-202-501,18,1,0,0,0,19,3.947,0,0,0,0,0,19,ARIZPE V
SPAN-202-502,13,12,0,0,0,25,3.520,0,0,0,0,0,25,LAWO-SUKAM A
SPAN-202-503,18,7,0,0,0,25,3.720,0,0,0,0,0,25,MESA MORALES M
SPAN-202-504,13,8,3,0,0,24,3.416,0,0,0,0,0,24,TIMMONS P
SPAN-202-505,15,8,2,0,0,25,3.520,0,0,0,0,0,25,GALDO J
SPAN-202-506,18,5,1,0,0,24,3.708,0,1,0,0,0,25,TIMMONS P
SPAN-202-507,15,8,1,0,0,24,3.583,0,0,0,0,0,24,GALDO J
SPAN-202-508,25,0,0,0,0,25,4.000,0,0,0,0,0,25,ARIZPE V
SPAN-202-509,21,4,0,0,0,25,3.840,0,0,0,0,0,25,MESA MORALES M
SPAN-202-510,20,3,1,1,0,25,3.680,0,0,0,0,0,25,VALERO MARTINEZ J
SPAN-202-511,9,10,0,0,0,19,3.473,0,0,0,2,0,21,VILLALOBOS J
SPAN-203-500,9,6,1,0,0,16,3.500,0,0,0,0,0,16,ORTEGA-AGUILAR D
SPAN-208-500,24,0,0,0,1,25,3.840,0,0,0,0,0,25,ARIZPE N
SPAN-218-500,14,1,1,0,0,16,3.812,0,0,0,0,0,16,ARIZPE N
SPAN-301-930,7,9,2,1,0,19,3.157,0,0,0,3,0,22,MISEMER S
SPAN-301-931,6,12,3,1,0,22,3.045,0,0,0,2,0,24,MISEMER S
SPAN-301-932,23,0,0,0,0,23,4.000,0,0,0,1,0,24,ROCHA ROJAS S
SPAN-302-502,14,10,2,0,0,26,3.461,0,0,0,1,0,27,CURRY R
SPAN-302-503,25,1,0,0,1,27,3.814,0,0,0,0,0,27,URIBE GUAJARDO A
SPAN-302-504,14,5,3,0,0,22,3.500,0,0,0,1,0,23,IMHOFF B
SPAN-303-904,23,0,0,0,1,24,3.833,0,0,0,0,0,24,QUINTANA M
SPAN-303-905,14,9,1,0,0,24,3.541,0,0,0,0,0,24,KALLENDORF H
SPAN-303-906,15,3,0,0,0,18,3.833,0,0,0,2,0,20,ESPINA E
SPAN-304-500,15,4,1,0,0,20,3.700,0,0,0,0,0,20,PEREZ-SMITH A
SPAN-304-501,14,8,1,1,1,25,3.320,0,0,0,0,0,25,ORTEGA-AGUILAR D
SPAN-306-500,26,0,0,0,1,27,3.851,0,0,0,0,0,27,ARIZPE V
SPAN-312-500,11,4,0,0,0,15,3.733,0,0,0,0,0,15,MOREIRAS A
SPAN-318-500,22,0,0,0,0,22,4.000,0,0,0,0,0,22,ARIZPE N
SPAN-320-902,8,7,2,0,1,18,3.166,0,0,0,1,0,19,TIMMONS P
SPAN-320-904,12,9,0,0,0,21,3.571,0,0,0,0,0,21,LUISELLI A
SPAN-331-500,11,3,7,0,1,22,3.045,0,0,0,0,0,22,KALLENDORF H
SPAN-410-500,10,13,1,0,1,25,3.240,1,0,0,1,0,27,CURRY R
SPAN-411-500,22,3,0,0,1,26,3.730,0,0,0,1,0,27,ESPINA E
SPAN-413-500,18,6,0,0,1,25,3.600,0,0,0,1,0,26,VILAROS T
SPAN-417-500,20,7,0,0,0,27,3.740,0,0,0,0,0,27,PEREZ-SMITH A
SPAN-421-500,17,6,4,0,0,27,3.481,0,0,0,0,0,27,LUISELLI A
SPAN-460-500,21,2,0,0,0,23,3.913,0,0,0,1,0,24,QUINTANA M
SPAN-462-500,11,7,1,0,1,20,3.350,0,0,0,0,0,20,IMHOFF B
SPAN-489-500,9,1,0,0,0,10,3.900,0,0,0,0,0,10,ZAPATA G
SPAN-491-500,6,0,1,0,0,7,3.727,0,0,0,0,0,7,ZAPATA G
DEPARTMENT TOTAL:,1124,296,49,8,12,1489,3.692,1,1,0,28,0,1519,
HIST-101-500,2,31,40,8,2,83,2.277,0,0,0,8,0,91,HUDSON D
HIST-102-500,8,14,10,0,1,33,2.848,0,0,0,5,0,38,RESCH R
HIST-103-500,6,13,6,0,0,25,3.000,0,0,0,0,0,25,SCHWARTZ D
HIST-104-500,3,11,6,1,0,21,2.761,0,0,0,1,0,22,BACH D
HIST-105-200,7,4,1,0,0,12,3.500,0,0,0,1,0,13,HATFIELD A
HIST-105-501,25,65,27,3,6,126,2.793,0,0,0,5,0,131,BROOKS C
HIST-105-502,42,98,30,14,10,194,2.762,0,0,0,6,0,200,GUNTER R
HIST-105-503,35,40,48,12,4,139,2.647,0,0,0,10,0,149,MCINNIS V
HIST-105-504,4,37,28,6,7,82,2.304,0,0,0,6,0,88,RESCH R
HIST-105-505,1,11,2,0,2,16,2.562,0,0,0,1,0,17,LENIHAN J
HIST-105-506,4,9,9,3,3,28,2.285,0,0,0,1,0,29,BACH D
HIST-105-511,14,58,54,16,4,146,2.424,0,0,0,17,0,163,LENIHAN J
HIST-105-512,82,24,10,3,5,124,3.411,0,0,0,13,0,137,ANDERSON H
HIST-105-513,219,51,14,11,2,297,3.595,0,0,0,6,0,303,COLLOPY W
HIST-106-200,8,6,0,0,0,14,3.571,0,0,0,1,0,15,BROUSSARD A
HIST-106-501,60,134,47,17,9,267,2.820,0,0,0,27,0,294,CAMERON D
HIST-106-502,14,22,17,8,4,65,2.523,0,0,0,7,0,72,KAMPHOEFNER W
HIST-106-503,47,55,32,12,0,146,2.938,0,0,0,2,0,148,MACNAMARA L
HIST-106-504,60,85,23,5,2,175,3.120,0,0,0,5,0,180,MCNAMARA S
HIST-106-505,6,8,6,0,0,20,3.000,0,0,0,0,0,20,MCBEE J
HIST-106-507,16,18,6,3,0,43,3.093,0,0,0,0,0,43,GUNTER R
HIST-106-508,15,40,14,3,0,72,2.930,0,0,0,8,0,80,CAMERON D
HIST-106-511,76,132,73,10,4,295,2.901,0,0,0,3,0,298,MCINNIS V
HIST-106-513,232,45,20,6,0,303,3.660,0,0,0,0,0,303,COLLOPY W
HIST-106-514,10,12,2,0,0,24,3.333,1,0,0,0,0,25,GUNTER R
HIST-106-M01,8,9,4,0,1,22,3.045,0,0,0,0,0,22,WEBER N
HIST-210-500,35,36,17,3,4,95,3.000,0,1,0,2,0,98,RIEGG S
HIST-213-500,15,5,4,0,0,24,3.458,0,0,0,0,0,24,ROSENHEIM J
HIST-220-500,20,17,4,3,0,44,3.227,0,0,0,2,0,46,SCHWARTZ D
HIST-226-501,18,51,65,21,5,160,2.350,0,0,0,13,0,173,SMITH P
HIST-226-502,24,43,25,5,0,97,2.886,0,0,0,4,0,101,BARE D
HIST-226-503,6,13,9,2,5,35,2.371,0,0,0,2,0,37,DILDAY A
HIST-226-505,46,71,11,2,1,131,3.213,0,0,0,5,0,136,CAMERON D
HIST-230-500,18,42,21,9,9,99,2.515,0,0,0,12,0,111,LINN B
HIST-232-500,16,21,9,0,0,46,3.152,0,0,0,7,0,53,DAWSON J
HIST-280-901,3,3,4,1,0,11,2.727,0,0,0,1,0,12,DROR O
HIST-280-902,3,2,0,0,0,5,3.600,2,0,0,1,0,8,COOPERSMITH J
HIST-280-903,3,5,1,0,1,10,2.900,0,0,0,0,0,10,KIM H
HIST-280-904,6,4,1,0,0,11,3.454,0,0,0,0,0,11,HERNANDEZ S
HIST-280-905,1,2,6,0,1,10,2.200,0,0,0,1,0,11,KIRKENDALL A
HIST-280-906,5,5,0,0,0,10,3.500,0,0,0,0,0,10,LIVESAY H
HIST-280-907,3,2,4,2,0,11,2.545,0,0,0,0,0,11,DAWSON J
HIST-280-908,7,4,2,0,0,13,3.384,0,0,0,0,0,13,UNTERMAN K
HIST-301-500,6,14,5,1,1,27,2.851,0,0,0,1,0,28,BROUSSARD A
HIST-305-500,27,11,3,0,0,41,3.585,1,0,0,1,0,43,ALONZO A
HIST-307-500,19,15,3,1,1,39,3.282,0,0,0,2,0,41,MCNAMARA S
HIST-334-500,2,9,12,2,2,27,2.259,0,0,0,13,0,40,REESE R
HIST-337-500,3,16,7,2,0,28,2.714,0,0,0,1,0,29,REESE R
HIST-341-500,12,12,6,0,1,31,3.096,1,0,0,1,0,33,HATFIELD A
HIST-348-500,19,6,0,1,1,27,3.518,0,0,0,5,0,32,EMRE S
HIST-352-500,12,8,4,1,0,25,3.240,0,0,0,1,0,26,DROR O
HIST-359-500,7,22,9,2,0,40,2.850,0,0,0,0,0,40,MACNAMARA L
HIST-362-500,25,16,0,0,0,41,3.609,0,0,0,2,0,43,STRANGES A
HIST-368-500,5,19,5,1,0,30,2.933,0,0,0,2,0,32,BROOKS C
HIST-369-500,12,8,3,0,0,23,3.391,0,0,0,1,0,24,FOOTE L
HIST-370-500,4,14,7,0,1,26,2.769,0,1,0,1,0,28,KAMPHOEFNER W
HIST-372-500,24,20,1,0,0,45,3.511,0,0,0,0,0,45,UNTERMAN K
HIST-374-500,4,14,15,3,1,37,2.459,0,0,0,8,0,45,ANDERSON T
HIST-376-500,12,5,0,0,0,17,3.705,0,0,0,1,0,18,STRANGES A
HIST-402-501,12,10,3,0,0,25,3.360,0,0,0,1,0,26,KIM H
HIST-405-500,12,21,7,0,1,41,3.048,0,0,0,0,0,41,SEIPP A
HIST-407-500,15,6,0,0,0,21,3.714,0,0,0,1,0,22,SCHLOSS R
HIST-410-500,7,24,4,0,1,36,3.000,0,0,0,1,0,37,RIEGG S
HIST-421-500,6,3,1,0,0,10,3.500,0,0,0,1,0,11,RESCH R
HIST-429-500,15,1,4,0,0,20,3.550,0,0,0,1,0,21,KONRAD C
HIST-432-500,5,6,4,0,2,17,2.705,0,0,0,1,0,18,HUDSON D
HIST-437-501,21,13,2,0,0,36,3.527,1,0,0,2,0,39,ROSENHEIM J
HIST-441-500,19,8,2,1,0,30,3.500,0,0,0,0,0,30,HERNANDEZ S
HIST-447-500,3,9,4,0,1,17,2.764,0,0,0,1,0,18,BROOKS C
HIST-451-500,6,1,6,0,0,13,3.000,0,0,0,0,0,13,SMITH P
HIST-452-501,15,17,0,0,0,32,3.468,0,0,0,0,0,32,ROULEAU B
HIST-461-500,4,3,0,0,0,7,3.571,0,0,0,0,0,7,MCINNIS V
HIST-462-500,7,14,4,3,1,29,2.793,0,0,0,3,0,32,PARKER J
HIST-469-500,7,8,6,0,1,22,2.909,0,0,0,0,0,22,WOOD J
HIST-470-500,14,3,0,0,0,17,3.823,0,0,0,0,0,17,LIVESAY H
HIST-476-500,3,6,3,0,0,12,3.000,0,0,0,2,0,14,BACH D
HIST-481-901,5,3,0,0,0,8,3.625,2,0,0,0,0,10,ALONZO A
HIST-481-902,7,4,0,0,0,11,3.636,0,0,0,0,0,11,BLANTON C
HIST-481-903,13,1,0,0,0,14,3.928,0,0,0,0,0,14,BOUTON C
HIST-481-904,2,3,0,0,1,6,2.833,0,0,0,2,0,8,EMRE S
HIST-481-905,6,3,0,0,0,9,3.666,0,0,0,0,0,9,KONRAD C
HIST-481-906,3,4,4,0,1,12,2.666,0,0,0,1,0,13,LINN B
HIST-481-907,4,8,3,0,0,15,3.066,0,0,0,0,0,15,ROULEAU B
HIST-481-908,3,8,3,0,0,14,3.000,0,0,0,0,0,14,WOOD J
HIST-617-600,0,6,0,0,0,6,3.000,0,0,0,0,0,6,KIRKENDALL A
HIST-618-600,5,1,0,0,0,6,3.833,0,0,0,0,0,6,BOUTON C
HIST-632-600,4,4,0,0,0,8,3.500,0,0,0,0,0,8,PARKER J
HIST-666-600,7,0,0,0,0,7,4.000,1,0,0,0,0,8,COOPERSMITH J
HIST-678-600,7,4,0,0,0,11,3.636,0,0,0,0,0,11,BLANTON C
ARAB-102-501,13,5,1,0,1,20,3.450,0,0,0,1,0,21,ARFAOUI T
ARAB-102-502,18,6,1,0,0,25,3.680,0,0,0,0,0,25,ARFAOUI T
ARAB-102-503,17,4,1,0,1,23,3.565,0,0,0,2,0,25,ARFAOUI T
ARAB-202-501,15,5,1,1,2,24,3.250,0,0,0,0,0,24,AYARI S
ARAB-202-502,12,6,6,2,0,26,3.076,0,0,0,0,0,26,AYARI S
ARAB-323-500,9,4,1,0,0,14,3.571,0,0,0,0,0,14,AYARI S
ARAB-491-900,6,0,0,0,0,6,4.000,0,0,0,0,0,6,KARASIPAHI S
ASIA-352-500,2,4,2,0,0,8,3.000,0,0,0,0,0,8,DROR O
CHIN-102-501,11,5,0,0,0,16,3.687,0,0,0,1,0,17,SHI W
CHIN-102-502,9,8,1,0,1,19,3.263,0,0,0,3,0,22,SHI W
CHIN-202-501,13,9,4,0,0,26,3.346,0,0,0,0,0,26,SHI W
CHIN-491-500,6,4,0,1,0,11,3.363,0,0,0,1,0,12,LEI J
CLAS-102-500,3,4,2,0,0,9,3.111,0,0,0,0,0,9,LAKE J
CLAS-121-502,9,5,2,0,0,16,3.437,0,0,0,2,0,18,GOLSAN I
CLAS-122-500,13,8,5,2,0,28,3.142,0,0,0,0,0,28,GOLSAN I
CLAS-220-500,20,4,3,4,3,34,3.000,1,0,0,0,0,35,SCHWARTZ D
CLAS-221-500,6,6,0,1,0,13,3.307,1,0,0,1,0,15,GOLSAN I
CLAS-250-500,10,13,4,3,2,32,2.812,0,0,0,8,0,40,LAKE J
CLAS-312-500,9,0,0,0,0,9,4.000,0,0,0,0,0,9,CICCOLELLA F
CLAS-322-500,19,5,0,0,0,24,3.791,0,0,0,0,0,24,CICCOLELLA F
CLAS-372-500,5,5,1,0,0,11,3.363,1,0,0,1,0,13,KALLENDORF C
CLAS-410-900,7,0,0,1,0,8,3.625,0,0,0,0,0,8,KONRAD C
CLAS-429-500,12,5,2,0,0,19,3.526,0,0,0,0,0,19,KONRAD C
FREN-101-501,17,6,3,0,0,26,3.538,0,0,0,3,0,29,HERNANDEZ
FREN-101-502,18,3,3,2,0,26,3.423,0,0,0,3,0,29,HERNANDEZ
FREN-102-200,5,0,0,0,0,5,4.000,0,0,0,0,0,5,CHARLOT J
FREN-102-501,4,6,3,1,0,14,2.928,0,0,0,3,0,17,CHARLOT J
FREN-102-502,11,12,5,1,0,29,3.137,0,0,0,0,0,29,CHARLOT J
FREN-102-503,4,8,0,2,1,15,2.800,0,0,0,1,0,16,CHARLOT J
FREN-201-501,6,6,3,0,1,16,3.000,0,0,0,1,0,17,HERNANDEZ
FREN-201-502,6,8,3,0,1,18,3.000,0,0,0,1,0,19,VIONNET-BRACHER F
FREN-202-501,8,6,3,2,0,19,3.052,0,0,0,0,0,19,RAGUCCI S
FREN-202-502,11,11,4,2,0,28,3.107,0,0,0,1,0,29,RAGUCCI S
FREN-202-503,7,9,6,4,0,26,2.730,0,0,0,1,0,27,RAGUCCI S
FREN-300-900,9,13,2,1,0,25,3.200,0,0,0,0,0,25,CHARLOT J
FREN-322-500,6,8,2,1,0,17,3.117,1,0,0,1,0,19,HAWTHORNE M
FREN-336-900,13,8,2,0,0,23,3.478,0,0,0,0,0,23,BRACHER N
FREN-425-500,7,8,7,1,0,23,2.913,1,0,0,1,0,25,HAWTHORNE M
GERM-101-500,22,4,1,0,0,27,3.777,0,0,0,0,0,27,BRENNER D
GERM-102-501,14,5,4,0,1,24,3.291,0,0,0,0,0,24,BRENNER D
GERM-102-502,14,10,4,0,0,28,3.357,0,0,0,0,0,28,BRENNER D
GERM-102-503,7,2,2,0,0,11,3.454,0,0,0,0,0,11,BRENNER D
GERM-201-500,14,5,5,0,0,24,3.375,0,0,0,1,0,25,HARRIS S
GERM-202-500,8,18,4,1,0,31,3.064,0,0,0,0,0,31,PASSMORE A
GERM-315-900,14,2,1,0,0,17,3.764,0,0,0,0,0,17,PASSMORE A
GERM-362-500,11,2,1,0,0,14,3.714,0,0,0,0,0,14,HARRIS S
GERM-440-500,11,0,0,0,0,11,4.000,0,0,0,1,0,12,DAVIS S
INTS-201-201,11,1,0,0,0,12,3.916,0,0,0,0,0,12,O'HEARN B
INTS-201-501,18,8,3,0,1,30,3.400,0,0,0,0,0,30,O'HEARN B
INTS-201-502,19,6,4,0,0,29,3.517,0,0,0,0,0,29,O'HEARN B
INTS-201-503,13,10,3,0,3,29,3.034,0,0,0,0,0,29,O'HEARN B
INTS-205-500,167,54,33,12,11,277,3.277,0,0,0,7,0,284,KHAZAAL N
INTS-205-520,6,2,0,0,0,8,3.750,0,0,0,0,0,8,KALLENDORF C
INTS-215-500,5,8,1,0,0,14,3.285,0,0,0,1,0,15,CECCHINI F
INTS-251-500,15,6,0,0,0,21,3.714,0,1,0,0,0,22,KARASIPAHI S
INTS-285-500,12,0,0,0,0,12,0.000,0,0,0,0,0,12,KALLENDORF C
INTS-301-200,6,1,0,0,0,7,3.857,0,0,0,0,0,7,CERRATO M
INTS-301-500,24,31,17,3,0,75,3.013,0,0,0,6,0,81,CERRATO M
INTS-321-500,17,3,1,0,0,21,3.761,0,0,0,0,0,21,KARASIPAHI S
INTS-401-900,18,7,0,0,0,25,3.720,0,0,0,0,0,25,O'HEARN B
INTS-403-970,19,0,0,0,0,19,4.000,0,0,0,0,0,19,CERRATO M
INTS-405-900,18,5,0,0,1,24,3.625,0,0,0,1,0,25,BRACHER N
INTS-407-500,25,17,5,2,0,49,3.326,0,0,0,0,0,49,LARSON R
INTS-407-900,8,7,2,1,1,19,3.052,1,0,0,0,0,20,LARSON R
INTS-410-900,12,9,3,1,0,25,3.280,0,0,0,0,0,25,LEI J
INTS-410-901,6,12,7,0,0,25,2.960,0,0,0,0,0,25,LEI J
INTS-481-901,11,5,1,0,1,18,3.388,0,0,0,0,0,18,DAVIS S
INTS-481-902,14,9,1,0,0,24,3.541,0,0,0,0,0,24,KHAZAAL N
INTS-481-903,15,6,0,0,0,21,3.714,0,0,0,0,0,21,KHAZAAL N
INTS-481-904,17,1,3,0,1,22,3.500,1,0,0,0,0,23,DAVIS S
INTS-481-905,13,6,2,0,0,21,3.523,0,0,0,0,0,21,MARCHESINI M
INTS-485-500,5,0,0,0,0,5,4.000,0,0,0,0,0,5,TCHAKERIAN V
INTS-489-500,5,3,3,1,0,12,3.000,0,0,0,0,0,12,HUMPHREY D
ITAL-102-502,10,14,4,0,0,28,3.214,0,0,0,0,0,28,CECCHINI F
ITAL-202-500,11,17,0,0,0,28,3.392,0,0,0,0,0,28,CECCHINI F
JAPN-102-501,12,1,1,0,0,14,3.785,0,1,0,0,0,15,ADAMS G
JAPN-102-502,11,2,1,0,0,14,3.714,0,0,0,0,0,14,ADAMS G
JAPN-102-503,16,8,2,0,0,26,3.538,0,0,0,1,0,27,ADAMS G
JAPN-202-501,19,0,2,0,0,21,3.809,0,0,0,0,0,21,WAUGH Y
JAPN-202-502,24,1,0,0,0,25,3.960,0,0,0,0,0,25,WAUGH Y
JAPN-302-500,19,2,0,1,0,22,3.772,0,0,0,0,0,22,WAUGH Y
JAPN-491-500,8,0,0,0,0,8,4.000,0,0,0,0,0,8,ADAMS G
JAPN-491-501,5,0,0,0,0,5,4.000,0,0,0,0,0,5,WAUGH Y
MODL-221-500,2,3,0,0,0,5,3.400,0,0,0,0,0,5,KALLENDORF C
MODL-221-501,0,2,3,0,0,5,2.400,0,0,0,0,0,5,DICKSON D
MODL-222-501,10,14,2,0,0,26,3.307,0,0,0,3,0,29,MARCHESINI M
RUSS-102-501,20,7,2,0,0,29,3.620,0,0,0,1,0,30,RICH E
RUSS-102-502,15,8,3,0,3,29,3.103,0,0,0,1,0,30,RICH E
RUSS-202-501,6,7,5,1,0,19,2.947,1,0,0,1,0,21,COOKE O
RUSS-202-502,13,4,3,0,3,23,3.043,0,0,0,1,0,24,COOKE O
RUSS-322-900,6,3,1,1,0,11,3.272,0,0,0,0,0,11,COOKE L
RUSS-410-500,21,3,0,0,1,25,3.720,0,0,0,0,0,25,COOKE O
RUSS-443-200,8,0,0,0,0,8,4.000,0,0,0,0,0,8,RICH E
RUSS-443-500,7,8,0,1,0,16,3.312,0,0,0,1,0,17,RICH E
MUSC-201-501,115,43,8,2,4,172,3.529,0,0,0,5,0,177,IMHOFF A
MUSC-201-502,61,31,5,5,0,102,3.450,0,0,0,2,0,104,IMHOFF A
MUSC-201-503,26,16,6,3,1,52,3.211,0,0,0,1,0,53,IMHOFF A
MUSC-222-200,8,1,0,0,0,9,3.888,0,0,0,0,0,9,DEL CIAMPO M
MUSC-222-500,8,2,0,0,0,10,3.800,0,0,0,0,0,10,DEL CIAMPO M
MUSC-225-500,33,25,4,0,0,62,3.467,1,0,0,3,0,66,WILBORN D
MUSC-226-200,13,8,0,0,0,21,3.619,0,0,0,0,0,21,DEL CIAMPO M
MUSC-226-500,152,82,11,3,1,249,3.530,0,0,0,4,0,253,DEL CIAMPO M
MUSC-226-501,126,85,20,3,3,237,3.383,0,0,0,7,0,244,DEL CIAMPO M
MUSC-228-500,103,52,11,3,4,173,3.427,1,0,0,12,0,186,MORRIS J
MUSC-235-500,8,0,0,0,0,8,4.000,0,0,0,1,0,9,LIEUWEN P
MUSC-280-501,61,0,0,0,0,61,4.000,0,0,0,0,0,61,RHEA T
MUSC-280-502,60,0,0,0,0,60,4.000,0,0,0,0,0,60,ALMANY T
MUSC-280-503,84,2,0,0,0,86,3.976,0,0,0,0,0,86,TIPTON R
MUSC-280-504,79,0,0,0,0,79,4.000,0,0,0,1,0,80,TIPTON R
MUSC-282-501,24,0,0,0,0,24,4.000,0,0,0,0,0,24,HOLLAR C
MUSC-282-502,24,0,0,0,0,24,4.000,0,0,0,0,0,24,HOLLAR C
MUSC-283-500,32,1,0,0,0,33,3.969,0,0,0,0,0,33,ALMANY T
MUSC-283-502,34,3,0,0,0,37,3.918,0,0,0,1,0,38,ALMANY T
MUSC-290-501,62,0,0,0,0,62,4.000,0,0,0,2,0,64,KIPP D
MUSC-290-502,27,1,0,0,0,28,3.964,0,0,0,1,0,29,ANGEL T
MUSC-290-503,38,5,1,0,2,46,3.673,0,1,0,3,0,50,ANGEL T
MUSC-301-500,31,20,4,0,0,55,3.490,1,0,0,1,0,57,BALL III J
MUSC-316-500,24,0,2,0,0,26,3.846,0,0,0,1,0,27,CARDOSO DE CARDOSO
MUSC-324-201,9,0,0,0,0,9,4.000,0,0,0,0,0,9,BUSTOS I
MUSC-324-501,30,8,1,0,0,39,3.743,0,0,0,0,0,39,BUSTOS I
MUSC-324-502,94,23,3,0,0,120,3.758,0,0,0,3,0,123,BUSTOS I
MUSC-324-504,97,22,2,2,0,123,3.739,0,0,0,2,0,125,BUSTOS I
MUSC-327-500,17,12,1,0,0,30,3.533,0,0,0,1,0,31,DONKOR D
MUSC-345-500,7,0,0,0,0,7,4.000,0,0,0,0,0,7,LIEUWEN P
PERF-202-500,9,6,0,1,1,17,3.235,0,0,0,0,0,17,MORRIS J
PERF-301-500,26,22,7,0,1,56,3.285,0,0,0,2,0,58,BALL III J
PERF-303-930,14,7,6,0,0,27,3.296,0,0,0,0,0,27,PRICE Z
PERF-312-900,12,4,0,1,0,17,3.588,0,0,0,1,0,18,CARDOSO DE CARDOSO
PERF-327-500,18,11,2,1,0,32,3.437,0,0,0,2,0,34,DONKOR D
PERF-450-500,6,4,0,0,0,10,3.600,0,0,0,1,1,12,REGAN M
PERF-453-900,5,3,0,0,2,10,2.900,1,0,0,1,0,12,PUTCHA R
PERF-481-930,5,8,3,0,0,16,3.125,0,0,0,0,0,16,BALL III J
PERF-603-600,5,0,0,0,0,5,4.000,1,0,0,0,0,6,PRICE Z
PERF-605-600,4,0,0,0,1,5,3.200,0,0,0,0,1,6,REGAN M
THAR-110-500,12,0,0,0,1,13,3.692,0,0,0,0,0,13,QUACKENBUSH AMMONS
THAR-156-500,79,20,5,3,4,111,3.504,0,0,0,1,0,112,DEXTER R
THAR-201-500,281,27,3,0,0,311,3.893,0,0,0,2,0,313,QUACKENBUSH AMMONS
THAR-201-501,219,26,4,1,3,253,3.806,0,0,0,2,0,255,QUACKENBUSH AMMONS
THAR-201-502,237,15,1,1,0,254,3.921,0,0,0,2,0,256,QUACKENBUSH AMMONS
THAR-281-200,5,0,1,0,0,6,3.666,0,0,0,0,0,6,DEXTER R
THAR-281-500,131,63,16,9,7,226,3.336,0,0,0,1,0,227,DEXTER R
THAR-281-501,18,22,7,1,1,49,3.122,0,0,0,0,0,49,DEXTER R
THAR-301-500,42,25,5,0,0,72,3.513,0,0,0,1,0,73,BALL III J
PHIL-111-501,35,5,0,0,0,40,3.875,0,0,0,0,0,40,REHN-DEBRAAL M
PHIL-111-502,37,3,0,0,0,40,3.925,0,0,0,0,0,40,REHN-DEBRAAL M
PHIL-111-504,44,0,0,0,0,44,4.000,1,0,0,0,0,45,ELLIS T
PHIL-111-505,47,0,0,0,0,47,4.000,0,0,0,0,0,47,LECKEY B
PHIL-111-506,49,0,0,0,0,49,4.000,0,0,0,0,0,49,LECKEY B
PHIL-111-507,35,2,0,0,0,37,3.945,0,0,0,1,0,38,REHN-DEBRAAL M
PHIL-111-510,47,0,0,0,0,47,4.000,0,0,0,1,1,49,DRAKE K
PHIL-111-511,49,2,1,0,0,52,3.923,0,0,0,0,0,52,DRAKE K
PHIL-240-200,6,2,1,0,0,9,3.555,1,0,0,0,0,10,MENZEL C
PHIL-240-501,11,8,8,2,0,29,2.965,0,0,0,5,0,34,EASWARAN K
PHIL-240-502,10,8,6,1,2,27,2.851,0,0,0,3,0,30,EASWARAN K
PHIL-240-503,13,11,4,3,1,32,3.000,0,0,0,0,0,32,EASWARAN K
PHIL-240-504,16,11,1,3,0,31,3.290,0,0,0,2,0,33,EASWARAN K
PHIL-240-505,11,13,4,3,0,31,3.032,0,0,0,2,0,33,EASWARAN K
PHIL-240-506,5,7,5,2,2,21,2.523,0,0,0,2,0,23,EASWARAN K
PHIL-240-507,8,5,2,2,3,20,2.650,0,0,0,2,0,22,EASWARAN K
PHIL-240-508,2,5,2,0,0,9,3.000,0,0,0,4,0,13,EASWARAN K
PHIL-240-509,2,4,1,1,1,9,2.555,0,0,0,0,0,9,EASWARAN K
PHIL-240-510,6,9,2,0,0,17,3.235,0,0,0,2,0,19,BERMUDEZ OSPINA J
PHIL-240-512,9,10,3,4,0,26,2.923,0,0,0,6,0,32,RAYMOND D
PHIL-240-513,10,9,2,3,3,27,2.740,0,0,0,4,0,31,RAYMOND D
PHIL-240-514,6,6,3,5,5,25,2.120,0,0,0,4,0,29,RAYMOND D
PHIL-240-515,9,4,4,1,0,18,3.166,0,0,0,4,0,22,RAYMOND D
PHIL-240-516,3,1,2,2,0,8,2.625,0,0,0,2,0,10,RAYMOND D
PHIL-240-517,3,3,0,1,1,8,2.750,0,0,0,3,0,11,RAYMOND D
PHIL-240-518,9,7,2,4,3,25,2.600,0,0,0,3,0,28,RAYMOND D
PHIL-240-519,7,7,2,3,2,21,2.666,0,0,0,3,0,24,RAYMOND D
PHIL-240-520,8,2,7,2,0,19,2.842,0,0,0,4,0,23,RAYMOND D
PHIL-240-521,11,9,5,1,0,26,3.153,3,0,0,10,0,39,BURCH R
PHIL-240-522,14,1,4,2,0,21,3.285,0,0,0,3,0,24,HAND M
PHIL-251-200,7,3,0,0,0,10,3.700,0,0,0,0,0,10,DANIEL S
PHIL-251-501,18,6,0,0,0,24,3.750,0,0,0,0,0,24,BUSTAMANTE W
PHIL-251-502,10,9,2,1,1,23,3.130,0,0,0,2,0,25,BLANKS D
PHIL-251-503,9,6,2,1,1,19,3.105,0,0,0,4,0,23,BLANKS D
PHIL-251-504,9,5,4,1,0,19,3.157,0,0,0,1,0,20,BLANKS D
PHIL-251-505,23,1,0,0,0,24,3.958,0,0,0,0,0,24,BUSTAMANTE W
PHIL-251-506,23,9,2,1,0,35,3.542,0,0,0,1,0,36,WESTER M
PHIL-251-507,10,5,2,0,1,18,3.277,0,0,0,1,0,19,WESTER M
PHIL-251-509,7,7,0,1,0,15,3.333,0,0,0,1,0,16,JAIMA A
PHIL-251-510,12,11,0,1,0,24,3.416,0,0,0,0,0,24,SANSOM R
PHIL-251-511,26,11,1,2,0,40,3.525,0,0,0,1,0,41,SWEET K
PHIL-252-500,13,7,3,0,0,23,3.434,0,0,0,0,0,23,CURRY T
PHIL-307-900,9,11,2,0,0,22,3.173,0,0,0,2,0,24,SANSOM R
PHIL-314-500,13,12,4,0,0,29,3.310,0,0,0,0,1,30,VARNER G
PHIL-314-501,3,8,4,0,0,15,2.933,1,0,0,0,0,16,VARNER G
PHIL-315-500,32,12,0,0,0,44,3.727,1,0,0,1,0,46,ELLIS T
PHIL-330-500,30,18,8,1,2,59,3.237,0,0,0,1,0,60,SWEET K
PHIL-331-500,13,8,2,2,0,25,3.280,0,0,0,0,0,25,CONWAY D
PHIL-332-500,33,16,3,0,0,52,3.576,0,0,0,2,0,54,CONWAY D
PHIL-334-500,15,15,5,2,1,38,3.078,3,0,0,2,0,43,ANDERSON P
PHIL-341-500,12,3,0,2,0,17,3.470,1,0,0,1,0,19,MENZEL C
PHIL-353-500,9,2,3,0,0,14,3.428,0,0,0,0,0,14,CURRY T
PHIL-361-500,7,4,6,0,0,17,3.058,0,0,0,3,0,20,BLANKS D
PHIL-371-500,11,3,1,0,1,16,3.437,0,0,0,1,0,17,JAIMA A
PHIL-381-900,7,5,4,1,3,20,2.600,0,0,0,1,0,21,RADZIK L
PHIL-409-500,5,3,3,1,0,12,3.000,0,0,0,2,0,14,REHN-DEBRAAL M
PHIL-410-500,7,6,1,3,0,17,3.000,0,0,0,2,0,19,BERMUDEZ OSPINA J
PHIL-410-900,9,4,2,1,2,18,2.944,2,0,0,0,0,20,BURCH R
PHIL-413-500,23,0,0,0,1,24,3.833,0,0,0,0,0,24,DEZORT S
PHIL-418-500,17,4,2,0,0,23,3.652,0,0,0,0,0,23,KATZ C
PHIL-482-902,6,5,2,0,0,13,3.307,0,0,0,0,0,13,PETTERSSON M
PHIL-482-903,4,5,2,1,1,13,2.769,0,0,0,0,0,13,PETTERSSON M
PHIL-482-904,2,6,2,0,1,11,2.727,0,0,0,0,0,11,PETTERSSON M
PHIL-482-905,2,9,2,0,0,13,3.000,0,0,0,0,0,13,MILLER G
PHIL-482-906,9,3,0,0,0,12,3.750,0,0,0,1,0,13,MILLER G
PHIL-482-907,3,7,2,1,0,13,2.923,0,0,0,0,0,13,MILLER G
PHIL-482-908,3,5,4,0,0,12,2.916,0,0,0,0,0,12,MILLER G
PHIL-482-909,3,8,2,0,0,13,3.076,0,0,0,0,0,13,PETTERSSON M
PHIL-482-910,2,7,4,0,0,13,2.846,0,0,0,0,0,13,PETTERSSON M
PHIL-482-911,6,6,1,0,0,13,3.384,0,0,0,0,0,13,PETTERSSON M
PHIL-482-912,1,7,5,0,0,13,2.692,0,0,0,0,0,13,PETTERSSON M
PHIL-482-913,5,7,1,0,0,13,3.307,0,0,0,0,0,13,MILLER G
PHIL-482-914,3,10,0,0,0,13,3.230,0,0,0,0,0,13,MILLER G
PHIL-482-915,8,3,1,0,0,12,3.583,0,0,0,1,0,13,MILLER G
PHIL-482-916,4,7,2,0,0,13,3.153,0,0,0,0,0,13,MILLER G
PHIL-482-917,7,3,1,1,0,12,3.333,0,0,0,1,0,13,PETTERSSON M
PHIL-482-918,8,5,0,0,0,13,3.615,0,0,0,0,0,13,PETTERSSON M
PHIL-482-919,3,7,2,0,1,13,2.846,0,0,0,0,0,13,PETTERSSON M
PHIL-482-920,1,9,3,0,0,13,2.846,0,0,0,0,0,13,PETTERSSON M
PHIL-482-921,3,8,2,0,0,13,3.076,0,0,0,0,0,13,PETTERSSON M
PHIL-482-922,6,6,0,0,1,13,3.230,0,0,0,0,0,13,PETTERSSON M
PHIL-482-923,5,5,3,0,0,13,3.153,0,0,0,0,0,13,PETTERSSON M
PHIL-482-924,4,7,1,0,1,13,3.000,0,0,0,0,0,13,PETTERSSON M
PHIL-482-925,10,1,2,0,0,13,3.615,0,0,0,0,0,13,MILLER G
PHIL-482-926,8,3,1,0,0,12,3.583,0,0,0,1,0,13,MILLER G
PHIL-482-927,7,4,1,1,0,13,3.307,0,0,0,0,0,13,MILLER G
PHIL-482-928,2,7,2,0,2,13,2.538,0,0,0,0,0,13,MILLER G
PHIL-482-929,4,6,3,0,0,13,3.076,0,0,0,0,0,13,YARZAGARAY D
PHIL-482-930,1,10,2,0,0,13,2.923,0,0,0,0,0,13,YARZAGARAY D
PHIL-482-931,6,7,0,0,0,13,3.461,0,0,0,0,0,13,YARZAGARAY D
PHIL-482-932,3,6,3,0,0,12,3.000,0,0,0,0,0,12,YARZAGARAY D
PHIL-482-933,2,7,0,0,3,12,2.416,0,0,0,1,0,13,MILLER G
PHIL-482-934,3,7,1,1,1,13,2.769,0,0,0,0,0,13,MILLER G
PHIL-482-935,5,3,3,0,2,13,2.692,0,0,0,0,0,13,MILLER G
PHIL-482-936,2,5,4,1,0,12,2.666,0,0,0,0,0,12,MILLER G
PHIL-482-938,1,3,4,0,1,9,2.333,0,0,0,0,0,9,YARZAGARAY D
PHIL-482-939,6,5,1,0,0,12,3.416,0,0,0,0,0,12,YARZAGARAY D
PHIL-482-940,0,7,4,1,1,13,2.307,0,0,0,0,0,13,YARZAGARAY D
PHIL-482-941,0,7,4,1,0,12,2.500,0,0,0,0,0,12,YARZAGARAY D
PHIL-489-500,11,1,0,0,0,12,3.916,0,0,0,0,0,12,KATZ C
PHIL-489-501,5,0,0,0,0,5,4.000,0,0,0,0,0,5,VARNER G
PHIL-611-600,2,1,0,0,3,6,1.833,0,0,0,0,0,6,RAYMOND D
PHIL-620-600,8,3,0,0,0,11,3.727,0,0,0,0,0,11,GEORGE T
PHIL-664-600,7,0,0,0,0,7,4.000,1,0,0,0,0,8,VARNER G
DEPARTMENT TOTAL:,1135,606,214,74,54,2083,3.291,14,0,0,104,2,2203,
POLS-200-501,16,5,3,1,0,25,3.440,0,0,0,0,0,25,URA J
POLS-200-502,11,11,1,1,0,24,3.333,0,0,0,0,0,24,URA J
POLS-200-503,14,9,1,1,0,25,3.440,0,0,0,0,0,25,URA J
POLS-200-504,14,7,3,0,1,25,3.320,0,0,0,0,0,25,URA J
POLS-200-505,14,8,2,0,0,24,3.500,0,0,0,0,0,24,URA J
POLS-200-506,10,11,3,0,0,24,3.291,0,0,0,0,0,24,URA J
POLS-206-200,14,9,0,0,0,23,3.608,0,0,0,0,0,23,PERRY B
POLS-206-501,80,83,78,21,9,271,2.752,0,0,0,37,0,308,FULTON S
POLS-206-502,201,82,17,7,1,308,3.542,0,0,0,2,0,310,LEWIS D
POLS-206-503,3,9,12,11,4,39,1.897,0,0,0,5,0,44,BOND J
POLS-206-504,83,76,56,30,2,247,2.842,0,0,0,37,0,284,FULTON S
POLS-206-505,26,36,59,36,9,166,2.204,1,0,0,21,0,188,BOND J
POLS-206-506,46,90,67,22,23,248,2.459,0,0,0,25,0,273,LIPSMEYER C
POLS-206-507,72,157,57,5,4,295,2.976,0,0,0,17,0,312,SMITH J
POLS-206-508,37,74,72,32,17,232,2.353,0,0,0,24,0,256,LIPSMEYER C
POLS-207-200,23,2,0,0,0,25,3.920,0,0,0,0,0,25,ROBLYER D
POLS-207-501,129,87,44,10,8,278,3.147,0,0,0,13,0,291,ROBLYER D
POLS-207-502,155,75,38,6,2,276,3.358,0,0,0,15,0,291,ROBLYER D
POLS-207-503,74,113,63,18,4,272,2.863,0,0,0,21,0,293,DYER M
POLS-207-504,84,113,54,18,4,273,2.934,0,0,0,19,0,292,DYER M
POLS-207-505,108,132,41,3,1,285,3.203,0,0,0,6,0,291,PARSONS L
POLS-207-506,108,116,47,13,3,287,3.090,0,0,0,6,0,293,PARSONS L
POLS-207-507,77,140,54,7,3,281,3.000,0,0,0,10,1,292,PARSONS L
POLS-207-508,185,115,10,1,0,311,3.556,0,0,0,1,0,312,SMITH J
POLS-207-509,64,98,89,21,9,281,2.665,0,0,0,9,0,290,LIM P
POLS-207-510,52,132,79,17,3,283,2.752,0,0,0,7,0,290,LIM P
POLS-207-511,76,130,68,3,0,277,3.007,0,0,0,14,0,291,LIM P
POLS-207-512,19,49,90,42,27,227,1.960,0,0,0,47,0,274,TUCKER H
POLS-207-513,7,33,49,39,22,150,1.760,0,0,0,30,0,180,TUCKER H
POLS-209-901,5,9,7,3,1,25,2.560,0,0,0,0,0,25,LEWIS D
POLS-209-902,5,4,8,1,1,19,2.578,0,0,0,5,0,24,LEWIS D
POLS-209-903,8,12,3,0,0,23,3.217,0,0,0,1,0,24,KAYA R
POLS-209-904,4,15,3,0,0,22,3.045,1,0,0,3,0,26,KAYA R
POLS-209-905,11,11,1,0,0,23,3.434,0,0,0,1,0,24,JO H
POLS-209-906,6,14,0,3,0,23,3.000,0,0,0,1,0,24,JO H
POLS-229-501,16,10,6,0,0,32,3.312,0,0,0,2,0,34,NASCIMENTO DA
POLS-229-503,38,84,81,33,4,240,2.495,0,0,0,26,0,266,ESCOBAR-LEMMON M
POLS-231-501,36,0,0,0,0,36,4.000,0,0,0,0,0,36,SMITH J
POLS-231-503,13,31,19,1,0,64,2.875,0,0,0,6,0,70,KOCH M
POLS-306-501,10,21,2,0,0,33,3.242,0,0,0,1,0,34,RICE M
POLS-308-500,12,12,4,0,0,28,3.285,0,0,0,5,0,33,POND A
POLS-308-501,11,12,5,0,1,29,3.103,0,0,0,2,0,31,POND A
POLS-309-900,5,7,5,7,1,25,2.320,0,0,0,1,0,26,LI Q
POLS-309-901,3,7,7,7,0,24,2.250,0,0,0,3,0,27,LI Q
POLS-309-902,3,9,6,1,1,20,2.600,0,0,0,1,0,21,OWEN E
POLS-313-500,6,10,10,3,2,31,2.483,0,0,0,2,0,33,HAGLIN K
POLS-315-500,1,16,10,1,3,31,2.354,0,0,0,1,0,32,HARMEL R
POLS-317-500,27,1,0,1,0,29,3.862,0,0,0,0,0,29,ALLISON A
POLS-320-500,9,21,1,1,1,33,3.090,0,0,0,0,0,33,PERRY B
POLS-320-501,11,15,5,1,0,32,3.125,1,0,0,1,0,34,PERRY B
POLS-322-500,62,6,0,0,0,68,3.911,1,0,0,1,0,70,ROBERTSON J
POLS-323-500,6,16,7,1,1,31,2.806,0,0,0,2,0,33,TAYLOR M
POLS-323-900,5,10,3,1,0,19,3.000,0,0,0,0,0,19,TAYLOR M
POLS-326-500,24,12,0,0,0,36,3.666,0,0,0,0,0,36,PACEK A
POLS-335-500,6,19,6,1,1,33,2.848,0,0,0,3,0,36,TARAR A
POLS-338-501,31,3,0,0,0,34,3.911,0,0,0,0,0,34,PACEK A
POLS-340-500,4,16,12,0,1,33,2.666,0,0,0,0,0,33,RICE M
POLS-347-500,4,8,5,5,2,24,2.291,0,0,0,9,0,33,TEODORO M
POLS-349-500,7,13,14,0,0,34,2.794,2,0,0,0,0,36,NEDERMAN C
POLS-350-500,8,23,1,0,1,33,3.121,0,0,0,2,0,35,BOGIARIS-THIBAULT G
POLS-353-501,5,23,4,0,0,32,3.031,1,0,0,3,0,36,BAER J
POLS-357-500,17,8,6,1,1,33,3.181,0,0,0,2,0,35,MERRILL A
POLS-367-500,9,18,2,0,1,30,3.133,0,0,0,0,0,30,O'BRIEN D
POLS-367-501,10,16,2,0,2,30,3.066,0,0,0,0,0,30,O'BRIEN D
POLS-412-901,4,10,4,0,0,18,3.000,1,0,0,0,0,19,KAYA R
POLS-413-900,5,9,6,0,0,20,2.950,0,0,0,0,0,20,KOCH M
POLS-415-500,3,26,3,0,0,32,3.000,0,0,0,0,0,32,BRAGG B
POLS-429-501,17,14,1,0,0,32,3.500,0,0,0,1,0,33,YARKONEY SOREK A
POLS-429-502,20,12,1,0,0,33,3.575,0,0,0,0,0,33,YARKONEY SOREK A
POLS-432-500,68,1,1,0,0,70,3.957,0,0,0,0,0,70,ROBERTSON J
POLS-439-501,13,12,6,1,0,32,3.156,1,0,0,1,0,34,GEVA N
POLS-439-901,14,3,2,0,0,19,3.631,1,0,0,0,0,20,GEVA N
POLS-447-500,24,14,4,1,1,44,3.266,0,0,0,3,0,47,ROBLYER D
POLS-455-501,16,10,3,0,0,29,3.448,1,0,0,1,0,31,DYER M
POLS-481-902,3,7,0,1,1,12,2.833,0,0,0,0,0,12,HARMEL R
POLS-485-506,36,0,0,0,0,36,4.000,0,0,0,1,0,37,ROBERTSON J
POLS-485-530,40,2,1,1,3,47,3.586,0,0,0,0,0,47,ROBERTSON J
POLS-489-500,27,3,0,0,0,30,3.900,0,0,0,0,0,30,JOSE C
POLS-603-600,13,0,1,0,0,14,3.857,0,0,0,0,0,14,DAVID F
POLS-604-600,9,6,0,0,0,15,3.600,0,0,0,0,0,15,TARAR A
POLS-635-600,4,0,1,0,0,5,3.600,0,0,0,0,0,5,OWEN E
POLS-642-600,4,4,1,0,0,9,3.333,0,0,0,0,0,9,TEODORO M
POLS-650-600,5,0,0,0,0,5,4.000,0,0,0,0,0,5,NEDERMAN C
POLS-689-600,10,4,1,0,0,15,3.600,0,0,0,0,0,15,JOSE C
DEPARTMENT TOTAL:,2575,2651,1438,441,186,7291,2.955,11,0,0,457,1,7760,
PSYC-107-202,19,5,0,0,0,24,3.791,0,0,0,0,0,24,PACKARD M
PSYC-107-501,62,61,34,5,0,162,3.111,0,0,0,10,0,172,HULL R
PSYC-107-502,35,25,20,0,3,83,3.072,0,0,0,7,0,90,EDENS P
PSYC-107-503,58,77,48,6,2,191,2.958,0,0,0,4,0,195,EDENS P
PSYC-107-504,25,31,13,3,0,72,3.083,1,0,0,8,0,81,BODDEN J
PSYC-107-508,21,16,13,2,3,55,2.909,1,0,0,0,0,56,BUSCH A
PSYC-107-511,24,40,9,1,1,75,3.133,0,0,0,1,0,76,DEFORREST R
PSYC-107-518,18,29,14,1,2,64,2.937,1,0,0,1,0,66,HULL R
PSYC-107-519,24,36,25,3,2,90,2.855,0,0,0,6,0,96,HULL R
PSYC-107-700,157,33,6,0,1,197,3.751,0,0,0,3,0,200,SCHUMACHER J
PSYC-107-701,140,48,6,3,2,199,3.613,0,0,0,0,0,199,SCHUMACHER J
PSYC-206-500,18,10,0,0,0,28,3.642,0,0,0,0,0,28,SALTER P
PSYC-210-502,42,53,17,1,0,113,3.203,0,0,0,1,0,114,CARTER-SOWELL A
PSYC-300-202,11,0,0,0,0,11,4.000,0,0,0,0,0,11,EDENS P
PSYC-300-501,78,17,4,2,2,103,3.621,0,0,0,1,0,104,MINER-RUBINO K
PSYC-300-503,37,38,20,4,0,99,3.090,0,0,0,5,0,104,EDENS P
PSYC-301-901,10,4,3,0,1,18,3.222,0,0,0,2,0,20,BOLGER P
PSYC-301-902,11,8,1,1,0,21,3.380,0,0,0,0,0,21,BOLGER P
PSYC-301-903,8,7,4,0,0,19,3.210,0,0,0,2,0,21,BOLGER P
PSYC-301-904,8,9,1,0,0,18,3.388,0,0,0,0,0,18,BOLGER P
PSYC-301-905,15,2,3,0,0,20,3.600,0,0,0,0,0,20,BOLGER P
PSYC-301-906,7,10,3,0,0,20,3.200,0,0,0,1,0,21,BOLGER P
PSYC-301-907,8,11,1,0,0,20,3.350,0,0,0,1,0,21,BOLGER P
PSYC-301-908,7,8,5,1,0,21,3.000,0,0,0,0,0,21,BOLGER P
PSYC-301-909,4,11,3,1,0,19,2.947,0,0,0,0,0,19,BOLGER P
PSYC-301-910,8,7,3,0,0,18,3.277,0,0,0,2,0,20,BOLGER P
PSYC-301-911,18,3,0,0,0,21,3.857,0,0,0,0,0,21,SCHUMACHER J
PSYC-301-912,15,4,1,0,0,20,3.700,0,0,0,1,0,21,SCHUMACHER J
PSYC-301-913,20,1,0,0,0,21,3.952,0,0,0,0,0,21,SCHUMACHER J
PSYC-301-914,13,5,0,1,0,19,3.578,0,0,0,0,0,19,SCHUMACHER J
PSYC-301-915,11,9,0,0,0,20,3.550,0,0,0,0,0,20,SCHUMACHER J
PSYC-302-901,1,4,1,1,0,7,2.714,0,0,0,0,0,7,PAYNE S
PSYC-302-902,0,9,3,1,0,13,2.615,0,0,0,2,0,15,PAYNE S
PSYC-302-903,1,8,6,3,1,19,2.263,0,0,0,0,0,19,PAYNE S
PSYC-302-904,5,5,4,1,0,15,2.933,0,0,0,0,0,15,PAYNE S
PSYC-302-905,1,3,5,3,0,12,2.166,0,0,0,1,0,13,PAYNE S
PSYC-302-906,7,10,2,0,0,19,3.263,0,0,0,0,0,19,GARCIA O
PSYC-302-907,10,8,1,0,1,20,3.300,0,0,0,0,0,20,GARCIA O
PSYC-302-908,8,5,4,0,1,18,3.055,0,0,0,1,0,19,GARCIA O
PSYC-302-909,5,6,0,0,0,11,3.454,0,0,0,0,0,11,GARCIA O
PSYC-302-910,7,1,1,0,0,9,3.666,0,0,0,0,0,9,GARCIA O
PSYC-302-911,7,7,6,0,0,20,3.050,0,0,0,0,0,20,DAWSON MATHUR V
PSYC-302-912,9,6,4,0,0,19,3.263,0,0,0,1,0,20,DAWSON MATHUR V
PSYC-302-913,11,6,2,0,1,20,3.300,0,0,0,0,0,20,DAWSON MATHUR V
PSYC-302-914,9,6,4,1,0,20,3.150,0,0,0,0,0,20,DAWSON MATHUR V
PSYC-302-915,7,10,3,0,0,20,3.200,0,0,0,0,0,20,DAWSON MATHUR V
PSYC-304-500,29,40,41,1,1,112,2.848,0,0,0,5,0,117,LEUNES A
PSYC-305-501,122,74,13,3,2,214,3.453,0,0,0,1,0,215,MADKINS J
PSYC-305-502,19,9,0,1,0,29,3.586,0,0,0,0,0,29,MADKINS J
PSYC-306-200,13,2,0,0,0,15,3.866,0,0,0,0,0,15,STAGNER B
PSYC-306-501,70,93,37,10,1,211,3.047,0,0,0,4,0,215,SNYDER D
PSYC-306-502,22,39,39,2,0,102,2.794,0,0,0,5,2,109,LEUNES A
PSYC-306-503,63,109,29,6,0,207,3.106,0,0,0,4,0,211,BODDEN J
PSYC-307-501,116,70,22,1,0,209,3.440,0,1,0,2,0,212,BROOKER R
PSYC-307-503,62,105,35,7,1,210,3.047,2,0,0,1,0,213,HULL R
PSYC-311-500,34,37,11,0,0,82,3.280,0,0,0,0,0,82,NAGAYA N
PSYC-315-501,25,12,1,0,0,38,3.631,0,0,0,0,0,38,CHRISTY A
PSYC-315-502,39,39,15,2,1,96,3.177,0,0,0,8,0,104,RHOLES W
PSYC-320-200,8,2,0,0,0,10,3.800,0,0,0,0,0,10,YAMAUCHI T
PSYC-320-500,47,35,8,2,0,92,3.380,0,0,0,1,0,93,YAMAUCHI T
PSYC-320-501,27,34,19,2,1,83,3.012,0,0,0,5,0,88,ANDERSON B
PSYC-323-500,66,39,7,1,0,113,3.504,0,0,0,0,0,113,MADKINS J
PSYC-330-501,10,18,10,1,0,39,2.948,1,0,0,5,0,45,STAGNER B
PSYC-330-502,28,50,26,5,1,110,2.900,0,0,0,5,0,115,MOREY L
PSYC-332-500,4,12,11,1,0,28,2.678,0,0,0,1,0,29,MOSCARELLO J
PSYC-333-500,8,8,4,0,1,21,3.047,0,0,0,0,0,21,BOLANOS C
PSYC-335-501,33,59,36,6,0,134,2.888,0,0,0,10,0,144,MAREN S
PSYC-336-500,7,2,1,0,0,10,3.600,0,0,0,0,0,10,SMITH R
PSYC-340-500,36,23,14,1,0,74,3.270,0,0,0,13,0,87,GRAU J
PSYC-345-500,121,82,8,2,0,213,3.511,0,0,0,1,0,214,SCHUMACHER J
PSYC-346-500,14,11,8,2,1,36,2.972,0,0,0,2,0,38,BOLGER P
PSYC-352-500,12,34,28,0,0,74,2.783,0,0,0,6,0,80,SAMUELSON C
PSYC-353-500,7,14,9,0,2,32,2.750,0,0,0,2,0,34,PAYNE S
PSYC-360-500,13,20,14,2,2,51,2.784,0,0,0,6,0,57,DAWSON MATHUR V
PSYC-365-500,4,12,14,1,0,31,2.612,0,0,0,1,0,32,BERNARD J
PSYC-414-500,67,40,7,0,0,114,3.526,0,0,0,0,0,114,HEFFER R
PSYC-432-500,27,3,0,0,0,30,3.900,0,0,0,0,0,30,SABAT I
PSYC-489-502,13,6,0,0,0,19,3.684,0,0,0,0,0,19,BOLANOS C
PSYC-491-538,5,0,0,0,0,5,4.000,0,0,0,0,0,5,LENCH H
PSYC-608-600,8,0,0,0,0,8,4.000,0,0,0,0,0,8,BALSIS S
PSYC-611-600,6,2,0,0,0,8,3.750,0,0,0,0,0,8,ARTHUR W
PSYC-614-601,5,0,0,0,0,5,4.000,0,0,0,0,0,5,HEFFER R
PSYC-620-600,12,0,0,0,0,12,4.000,0,0,0,0,0,12,RHOLES W
PSYC-621-600,10,0,0,0,0,10,4.000,0,0,0,0,0,10,SCHMEICHEL B
PSYC-637-600,8,0,0,0,0,8,4.000,0,0,0,0,0,8,FIELDS S
PSYC-670-600,6,0,0,0,0,6,4.000,0,0,0,0,0,6,HICKS J
PSYC-671-600,19,1,0,0,0,20,3.950,0,0,0,0,0,20,WORTHY D
PSYC-675-600,8,0,0,0,0,8,4.000,0,0,0,0,0,8,EDENS J
PSYC-680-600,9,5,0,0,0,14,3.642,0,0,0,0,0,14,BERGMAN M
PSYC-689-601,3,2,0,0,0,5,3.600,0,0,0,0,0,5,SMITH S
PSYC-696-600,10,0,0,0,0,10,4.000,0,0,0,0,0,10,SMALLMAN R
SOCI-205-501,2,4,2,1,1,10,2.500,0,0,0,4,0,14,HERNANDEZ A
SOCI-205-502,3,17,11,4,7,42,2.119,0,0,0,3,0,45,HERNANDEZ A
SOCI-205-503,9,32,21,3,1,66,2.681,0,0,0,2,0,68,NUMMI J
SOCI-205-504,30,28,2,0,2,62,3.354,0,0,0,0,0,62,ATKINS A
SOCI-205-505,62,70,7,3,0,142,3.345,0,0,0,2,0,144,MAES A
SOCI-205-506,41,65,21,5,4,136,2.985,1,0,0,2,0,139,WAREN W
SOCI-205-509,31,44,40,2,3,120,2.816,1,0,0,8,0,129,WOODS T
SOCI-205-510,119,17,5,0,1,142,3.781,2,0,0,0,0,144,MOORE W
SOCI-205-598,59,51,6,2,1,119,3.386,1,0,0,5,0,125,MACKIN R
SOCI-205-599,51,50,15,4,0,120,3.233,1,0,0,2,0,123,MACKIN R
SOCI-206-501,6,33,11,9,3,62,2.483,0,0,0,3,0,65,COHN S
SOCI-207-503,31,31,7,0,0,69,3.347,0,0,0,2,0,71,LAKKIMSETTI C
SOCI-207-504,13,20,19,4,1,57,2.701,0,0,0,0,0,57,MORRIS T
SOCI-210-500,4,7,12,3,4,30,2.133,0,0,0,0,0,30,HERNANDEZ A
SOCI-211-502,15,37,17,2,0,71,2.915,0,0,0,1,0,72,ABEL R
SOCI-211-503,15,14,5,0,1,35,3.200,1,0,0,0,0,36,HUEY E
SOCI-217-500,58,18,9,1,0,86,3.546,0,0,0,1,0,87,CARPENTER S
SOCI-217-502,9,16,4,2,0,31,3.032,0,0,0,1,0,32,CAMPBELL M
SOCI-220-501,6,13,10,2,2,33,2.575,0,0,0,1,0,34,LINNEMAN J
SOCI-220-502,9,7,13,0,0,29,2.862,0,0,0,4,0,33,MORRIS T
SOCI-220-503,19,10,4,1,0,34,3.382,0,0,0,0,0,34,TREVIO-GARZA A
SOCI-220-504,9,11,11,0,2,33,2.757,0,0,0,1,0,34,WAREN W
SOCI-230-901,23,1,0,0,0,24,3.958,0,0,0,0,0,24,MESTROVIC S
SOCI-230-902,20,2,0,1,0,23,3.782,0,0,0,0,0,23,MESTROVIC S
SOCI-230-903,22,2,1,0,0,25,3.840,0,0,0,0,0,25,MESTROVIC S
SOCI-230-904,19,1,2,0,0,22,3.772,0,0,0,0,0,22,MESTROVIC S
SOCI-230-905,17,4,2,1,0,24,3.541,0,0,0,0,0,24,MESTROVIC S
SOCI-230-906,24,0,0,1,0,25,3.880,0,0,0,0,0,25,MESTROVIC S
SOCI-304-200,5,0,1,0,0,6,3.666,2,0,0,0,0,8,FOSTER H
SOCI-304-501,19,53,24,4,0,100,2.870,0,0,0,2,0,102,FOSTER H
SOCI-304-502,56,36,4,0,0,96,3.541,1,0,0,1,0,98,JOHN E
SOCI-310-500,0,4,1,0,0,5,2.800,0,0,0,0,0,5,WOLF J
SOCI-311-599,32,28,7,2,2,71,3.211,0,0,0,1,0,72,PALS H
SOCI-312-500,34,52,29,11,6,132,2.734,1,0,0,3,0,136,POSTON D
SOCI-314-501,20,42,25,1,3,91,2.824,0,0,0,3,0,94,DIETRICH K
SOCI-315-200,14,0,0,0,0,14,4.000,0,1,0,0,0,15,MURGUIA E
SOCI-316-500,4,3,0,0,0,7,3.571,0,0,0,1,0,8,LAKKIMSETTI C
SOCI-316-502,3,21,8,0,0,32,2.843,0,0,0,1,0,33,SELL J
SOCI-317-501,9,26,16,1,2,54,2.722,0,0,0,4,10,68,JEWELL J
SOCI-317-502,2,13,8,2,2,27,2.407,0,0,0,1,0,28,YOUNG T
SOCI-319-500,5,18,7,1,1,32,2.781,0,0,0,3,0,35,MAY R
SOCI-322-900,4,17,3,1,4,29,2.551,0,0,0,3,0,32,COHN S
SOCI-323-500,0,6,5,0,0,11,2.545,0,0,0,0,0,11,MAY R
SOCI-330-500,28,0,0,0,0,28,4.000,0,0,0,0,0,28,CISNEROS M
SOCI-338-502,23,12,0,0,0,35,3.657,0,0,0,2,0,37,PLANKEY- VIDELA N
SOCI-403-500,32,3,0,0,0,35,3.914,1,0,0,0,0,36,MURGUIA E
SOCI-404-900,8,5,1,0,0,14,3.500,0,0,0,0,0,14,GATSON S
SOCI-411-500,6,21,17,3,1,48,2.583,0,0,0,4,0,52,SELL J
SOCI-419-500,5,6,7,3,0,21,2.619,1,0,0,2,0,24,PRECHEL H
SOCI-420-901,8,14,11,0,2,35,2.742,0,0,0,0,0,35,SAKAMOTO A
SOCI-420-902,6,4,5,0,1,16,2.875,0,0,0,2,0,18,AMARAL E
SOCI-420-903,1,5,3,0,0,9,2.777,0,0,0,0,0,9,FOSSETT M
SOCI-420-904,1,4,7,0,0,12,2.500,0,0,0,2,0,14,FOSSETT M
SOCI-420-905,1,2,2,0,1,6,2.333,0,0,0,2,0,8,FOSSETT M
SOCI-420-906,0,1,1,1,2,5,1.200,0,0,0,4,0,9,FOSSETT M
SOCI-430-501,10,12,11,0,2,35,2.800,0,0,0,0,0,35,DIETRICH K
SOCI-430-502,3,26,5,0,0,34,2.941,0,0,0,0,0,34,WOODS T
SOCI-430-503,17,15,1,0,0,33,3.484,0,0,0,2,0,35,BERKOWITZ L
SOCI-430-504,14,9,3,2,0,28,3.250,0,0,0,0,0,28,MATHEY C
SOCI-478-500,28,2,0,1,1,32,3.718,0,0,0,0,0,32,DIETRICH K
SOCI-479-500,17,0,0,0,0,17,4.000,0,0,0,0,0,17,MACKIN R
SOCI-484-535,60,3,0,0,0,63,3.952,0,0,0,0,0,63,DIETRICH K
SOCI-485-519,5,0,0,0,0,5,4.000,0,0,0,0,0,5,MESTROVIC S
SOCI-489-500,7,4,2,0,0,13,3.384,0,0,0,2,1,16,JOHN E
SOCI-491-524,9,0,0,0,0,9,4.000,0,0,0,0,0,9,MORRIS T
SOCI-604-600,3,2,0,0,0,5,3.600,0,0,0,0,0,5,JEWELL J
SOCI-615-600,12,2,0,0,0,14,3.857,1,0,0,0,0,15,FEAGIN J
SOCI-628-600,4,1,0,0,0,5,3.800,0,0,0,1,0,6,PALS H
SOCI-631-600,20,5,0,0,0,25,3.800,0,0,0,0,0,25,POSTON D
SOCI-633-600,7,1,0,0,0,8,3.875,0,0,0,0,0,8,SAKAMOTO A
SOCI-647-600,2,3,0,0,0,5,3.400,0,0,0,0,0,5,AMARAL E
SOCI-657-600,7,0,0,0,0,7,4.000,0,0,0,0,0,7,MESTROVIC S
SOCI-660-600,9,0,0,0,0,9,4.000,0,0,0,0,0,9,GATSON S
SOCI-667-600,5,3,0,0,0,8,3.625,1,0,0,0,0,9,MOORE W
SOCI-680-600,9,0,0,0,0,9,4.000,0,0,0,0,0,9,LINNEMAN J
SOCI-683-600,4,4,0,0,0,8,3.500,0,0,0,0,0,8,HOWARD D
DEPARTMENT TOTAL:,1304,1093,471,84,63,3015,3.152,15,1,088,,11,3130
COLLEGE TOTAL:,21955,15586,6536,1529,823,46429,3.206,110,12,1  1878,,189,48619
