,,,,TEXAS A&M UNIVERSITY AT QATAR,,,,,,,,,,
,,,GRADE DISTRIBUTION REPORT FOR SPRING 2016 - QATAR,,,,,,,,,,,
COLLEGE:,ASSOC PROVOST FOR UG STUDIES,,,,,,,,,,,,,
DEPARTMENT:,AP-UNDERGRAD STUDIES,,,,,,,,,,,,,
,,,,,,TOTAL,,,,,,,,
SECTION,A,B,C,D,F,A - F,GPR,I,S,U,Q,X,TOTAL,INSTRUCTOR
-----------------,-------,-------,------- -------,-------,,------- ----- -----,,-----,-----,-----,-----,,-------,-------------------
UGST-181-500,4,3,0,0,0,7 3.571,0,0,0,0,0,7,SMALL N
,57.14%,42.86%,0.00%,0.00%,0.00%,,,,,,,,,
COURSE TOTAL:,4,3,0,0,0,7 3.571,0,0,0,0,0,7,
,57.14%,42.86%,0.00%,0.00%,0.00%,,,,,,,,,
DEPARTMENT TOTAL:,4,3,0,0,0,7 3.571,0,0,0,0,0,7,
,57.14%,42.86%,0.00%,0.00%,0.00%,,,,,,,,,
COLLEGE TOTAL:,4,3,0,0,0,7 3.571,0,0,0,0,0,7,
,57.14%,42.86%,0.00%,0.00%,0.00%,,,,,,,,,
,,,,TEXAS A&M UNIVERSITY AT QATAR,,,,,,,,,,
,,,GRADE DISTRIBUTION REPORT FOR SPRING 2016 - QATAR,,,,,,,,,,,
COLLEGE:,COLLEGE OF ENGINEERING,,,,,,,,,,,,,
DEPARTMENT:,CHEMICAL ENGINEERING,,,,,,,,,,,,,
,,,,,,TOTAL,,,,,,,,
SECTION,A,B,C,D,F,A - F,GPR,I,S,U,Q,X,TOTAL,INSTRUCTOR
-----------------,-------,-------,------- -------,-------,,------- ----- -----,,-----,-----,-----,-----,,-------,-------------------
CHEN-204-500,3,2,0,0,0,5 3.600,0,0,0,0,0,5,MARKATOS N
,60.00%,40.00%,0.00%,0.00%,0.00%,,,,,,,,,
COURSE TOTAL:,3,2,0,0,0,5 3.600,0,0,0,0,0,5,
,60.00%,40.00%,0.00%,0.00%,0.00%,,,,,,,,,
CHEN-205-500,5,7,4,2,1,19 2.684,0,0,0,1,0,20,CASTIER M
,26.32%,36.84%,21.05%,10.53%,5.26%,,,,,,,,,
COURSE TOTAL:,5,7,4,2,1,19 2.684,0,0,0,1,0,20,
,26.32%,36.84%,21.05%,10.53%,5.26%,,,,,,,,,
CHEN-313-500,9,13,2,0,1,25 3.160,0,0,0,0,0,25,SALAMA G
,36.00%,52.00%,8.00%,0.00%,4.00%,,,,,,,,,
COURSE TOTAL:,9,13,2,0,1,25 3.160,0,0,0,0,0,25,
,36.00%,52.00%,8.00%,0.00%,4.00%,,,,,,,,,
CHEN-323-500,6,6,5,0,0,17 3.059,0,0,0,0,0,17,NOUNOU M
,35.29%,35.29%,29.41%,0.00%,0.00%,,,,,,,,,
COURSE TOTAL:,6,6,5,0,0,17 3.059,0,0,0,0,0,17,
,35.29%,35.29%,29.41%,0.00%,0.00%,,,,,,,,,
CHEN-426-500,6,10,0,0,0,16 3.375,0,0,0,0,0,16,LINKE P
,37.50%,62.50%,0.00%,0.00%,0.00%,,,,,,,,,
COURSE TOTAL:,6,10,0,0,0,16 3.375,0,0,0,0,0,16,
,37.50%,62.50%,0.00%,0.00%,0.00%,,,,,,,,,
CHEN-433-501,1,4,1,0,0,6 3.000,0,0,0,0,0,6,SALAMA G
,16.67%,66.67%,16.67%,0.00%,0.00%,,,,,,,,,
CHEN-433-502,4,6,0,0,0,10 3.400,0,0,0,0,0,10,SALAMA G
,40.00%,60.00%,0.00%,0.00%,0.00%,,,,,,,,,
,,,,TEXAS A&M UNIVERSITY AT QATAR,,,,,,,,,,
,,,GRADE DISTRIBUTION REPORT FOR SPRING 2016 - QATAR,,,,,,,,,,,
COLLEGE:,COLLEGE OF ENGINEERING,,,,,,,,,,,,,
DEPARTMENT:,CHEMICAL ENGINEERING,,,,,,,,,,,,,
,,,,,,TOTAL,,,,,,,,
SECTION,A,B,C,D,F,A - F,GPR,I,S,U,Q,X,TOTAL,INSTRUCTOR
-----------------,-------,-------,------- -------,-------,,------- ----- -----,,-----,-----,-----,-----,,-------,-------------------
COURSE TOTAL:,5,10,1,0,0,16 3.250,0,0,0,0,0,16,
,31.25%,62.50%,6.25%,0.00%,0.00%,,,,,,,,,
DEPARTMENT TOTAL:,34,48,12,2,2,98 3.122,0,0,0,1,0,99,
,34.69%,48.98%,12.24%,2.04%,2.04%,,,,,,,,,
COLLEGE TOTAL:,34,48,12,2,2,98 3.122,0,0,0,1,0,99,
,34.69%,48.98%,12.24%,2.04%,2.04%,,,,,,,,,
,,,,TEXAS A&M UNIVERSITY AT QATAR,,,,,,,,,,
,,,GRADE DISTRIBUTION REPORT FOR SPRING 2016 - QATAR,,,,,,,,,,,
COLLEGE:,QATAR CAMPUS,,,,,,,,,,,,,
DEPARTMENT:,CHEMICAL ENGINEERING,,,,,,,,,,,,,
,,,,,,TOTAL,,,,,,,,
SECTION,A,B,C,D,F,A - F,GPR,I,S,U,Q,X,TOTAL,INSTRUCTOR
-----------------,-------,-------,------- -------,-------,,------- ----- -----,,-----,-----,-----,-----,,-------,-------------------
CHEN-457-500,7,8,3,0,0,18 3.222,0,0,0,0,0,18,ABDEL-WAHAB A
,38.89%,44.44%,16.67%,0.00%,0.00%,,,,,,,,,
COURSE TOTAL:,7,8,3,0,0,18 3.222,0,0,0,0,0,18,
,38.89%,44.44%,16.67%,0.00%,0.00%,,,,,,,,,
DEPARTMENT TOTAL:,7,8,3,0,0,18 3.222,0,0,0,0,0,18,
,38.89%,44.44%,16.67%,0.00%,0.00%,,,,,,,,,
COLLEGE TOTAL:,7,8,3,0,0,18 3.222,0,0,0,0,0,18,
,38.89%,44.44%,16.67%,0.00%,0.00%,,,,,,,,,
,,,,TEXAS A&M UNIVERSITY AT QATAR,,,,,,,,,,
,,,GRADE DISTRIBUTION REPORT FOR SPRING 2016 - QATAR,,,,,,,,,,,
COLLEGE:,COLLEGE OF ENGINEERING,,,,,,,,,,,,,
DEPARTMENT:,CHEMICAL ENGINEERING,,,,,,,,,,,,,
,,,,,,TOTAL,,,,,,,,
SECTION,A,B,C,D,F,A - F,GPR,I,S,U,Q,X,TOTAL,INSTRUCTOR
-----------------,-------,-------,------- -------,-------,,------- ----- -----,,-----,-----,-----,-----,,-------,-------------------
CHEN-459-500,6,4,0,0,0,10 3.600,0,0,0,0,0,10,ELBASHIR N
,60.00%,40.00%,0.00%,0.00%,0.00%,,,,,,,,,
COURSE TOTAL:,6,4,0,0,0,10 3.600,0,0,0,0,0,10,
,60.00%,40.00%,0.00%,0.00%,0.00%,,,,,,,,,
CHEN-461-500,8,5,7,0,0,20 3.050,0,0,0,1,0,21,NOUNOU M
,40.00%,25.00%,35.00%,0.00%,0.00%,,,,,,,,,
COURSE TOTAL:,8,5,7,0,0,20 3.050,0,0,0,1,0,21,
,40.00%,25.00%,35.00%,0.00%,0.00%,,,,,,,,,
CHEN-624-600,8,8,2,0,0,18 3.333,0,0,0,0,0,18,ELBASHIR N
,44.44%,44.44%,11.11%,0.00%,0.00%,,,,,,,,,
COURSE TOTAL:,8,8,2,0,0,18 3.333,0,0,0,0,0,18,
,44.44%,44.44%,11.11%,0.00%,0.00%,,,,,,,,,
CHEN-629-600,9,6,0,0,0,15 3.600,0,0,0,2,0,17,MICHALIS V
,60.00%,40.00%,0.00%,0.00%,0.00%,,,,,,,,,
COURSE TOTAL:,9,6,0,0,0,15 3.600,0,0,0,2,0,17,
,60.00%,40.00%,0.00%,0.00%,0.00%,,,,,,,,,
CHEN-655-600,5,0,0,0,0,5 4.000,0,0,0,0,0,5,VECHOT L
,100.00%,0.00%,0.00%,0.00%,0.00%,,,,,,,,,
COURSE TOTAL:,5,0,0,0,0,5 4.000,0,0,0,0,0,5,
,100.00%,0.00%,0.00%,0.00%,0.00%,,,,,,,,,
,,,,TEXAS A&M UNIVERSITY AT QATAR,,,,,,,,,,
,,,GRADE DISTRIBUTION REPORT FOR SPRING 2016 - QATAR,,,,,,,,,,,
COLLEGE:,COLLEGE OF ENGINEERING,,,,,,,,,,,,,
DEPARTMENT:,CHEMICAL ENGINEERING,,,,,,,,,,,,,
,,,,,,TOTAL,,,,,,,,
SECTION,A,B,C,D,F,A - F,GPR,I,S,U,Q,X,TOTAL,INSTRUCTOR
-----------------,-------,-------,------- -------,-------,,------- ----- -----,,-----,-----,-----,-----,,-------,-------------------
DEPARTMENT TOTAL:,36,23,9,0,0,68 3.397,0,0,0,3,0,71,
,52.94%,33.82%,13.24%,0.00%,0.00%,,,,,,,,,
COLLEGE TOTAL:,36,23,9,0,0,68 3.397,0,0,0,3,0,71,
,52.94%,33.82%,13.24%,0.00%,0.00%,,,,,,,,,
,,,,TEXAS A&M UNIVERSITY AT QATAR,,,,,,,,,,
,,,GRADE DISTRIBUTION REPORT FOR SPRING 2016 - QATAR,,,,,,,,,,,
COLLEGE:,SCIENCE,,,,,,,,,,,,,
DEPARTMENT:,CHEMISTRY,,,,,,,,,,,,,
,,,,,,TOTAL,,,,,,,,
SECTION,A,B,C,D,F,A - F,GPR,I,S,U,Q,X,TOTAL,INSTRUCTOR
-----------------,-------,-------,------- -------,-------,,------- ----- -----,,-----,-----,-----,-----,,-------,-------------------
CHEM-102-500,5,5,4,1,1,16 2.750,0,0,0,1,0,17,MADRAHIMOV S
,31.25%,31.25%,25.00%,6.25%,6.25%,,,,,,,,,
COURSE TOTAL:,5,5,4,1,1,16 2.750,0,0,0,1,0,17,
,31.25%,31.25%,25.00%,6.25%,6.25%,,,,,,,,,
CHEM-107-501,3,5,7,1,0,16 2.625,0,0,0,16,0,32,BROTHERS E
,18.75%,31.25%,43.75%,6.25%,0.00%,,,,,,,,,
CHEM-107-502,3,11,3,5,4,26 2.154,0,0,0,6,0,32,BENGALI A
,11.54%,42.31%,11.54%,19.23%,15.38%,,,,,,,,,
COURSE TOTAL:,6,16,10,6,4,42 2.333,0,0,0,22,0,64,
,14.29%,38.10%,23.81%,14.29%,9.52%,,,,,,,,,
CHEM-112-500,10,4,2,0,0,16 3.500,0,0,0,0,0,16,MADRAHIMOV S
,62.50%,25.00%,12.50%,0.00%,0.00%,,,,,,,,,
COURSE TOTAL:,10,4,2,0,0,16 3.500,0,0,0,0,0,16,
,62.50%,25.00%,12.50%,0.00%,0.00%,,,,,,,,,
CHEM-117-501,6,3,1,0,0,10 3.500,0,0,0,0,0,10,BROTHERS E
,60.00%,30.00%,10.00%,0.00%,0.00%,,,,,,,,,
CHEM-117-502,7,7,1,0,0,15 3.400,0,0,0,0,0,15,BENGALI A
,46.67%,46.67%,6.67%,0.00%,0.00%,,,,,,,,,
CHEM-117-503,3,4,1,0,0,8 3.250,0,0,0,0,0,8,BENGALI A
,37.50%,50.00%,12.50%,0.00%,0.00%,,,,,,,,,
COURSE TOTAL:,16,14,3,0,0,33 3.394,0,0,0,0,0,33,
,48.48%,42.42%,9.09%,0.00%,0.00%,,,,,,,,,
CHEM-228-500,5,2,0,3,0,10 2.900,0,0,0,2,0,12,MADRAHIMOV S
,50.00%,20.00%,0.00%,30.00%,0.00%,,,,,,,,,
,,,,TEXAS A&M UNIVERSITY AT QATAR,,,,,,,,,,
,,,GRADE DISTRIBUTION REPORT FOR SPRING 2016 - QATAR,,,,,,,,,,,
COLLEGE:,SCIENCE,,,,,,,,,,,,,
DEPARTMENT:,CHEMISTRY,,,,,,,,,,,,,
,,,,,,TOTAL,,,,,,,,
SECTION,A,B,C,D,F,A - F,GPR,I,S,U,Q,X,TOTAL,INSTRUCTOR
-----------------,-------,-------,------- -------,-------,,------- ----- -----,,-----,-----,-----,-----,,-------,-------------------
COURSE TOTAL:,5,2,0,3,0,10 2.900,0,0,0,2,0,12,
,50.00%,20.00%,0.00%,30.00%,0.00%,,,,,,,,,
CHEM-238-501,4,1,1,0,0,6 3.500,0,0,0,0,0,6,MADRAHIMOV S
,66.67%,16.67%,16.67%,0.00%,0.00%,,,,,,,,,
CHEM-238-502,4,2,0,0,0,6 3.667,0,0,0,0,0,6,MADRAHIMOV S
,66.67%,33.33%,0.00%,0.00%,0.00%,,,,,,,,,
COURSE TOTAL:,8,3,1,0,0,12 3.583,0,0,0,0,0,12,
,66.67%,25.00%,8.33%,0.00%,0.00%,,,,,,,,,
CHEM-322-500,6,3,5,2,2,18 2.500,1,0,0,3,0,22,BENGALI A
,33.33%,16.67%,27.78%,11.11%,11.11%,,,,,,,,,
COURSE TOTAL:,6,3,5,2,2,18 2.500,1,0,0,3,0,22,
,33.33%,16.67%,27.78%,11.11%,11.11%,,,,,,,,,
CHEM-466-500,8,5,1,0,2,16 3.062,0,0,0,0,0,16,BAZZI H
,50.00%,31.25%,6.25%,0.00%,12.50%,,,,,,,,,
COURSE TOTAL:,8,5,1,0,2,16 3.063,0,0,0,0,0,16,
,50.00%,31.25%,6.25%,0.00%,12.50%,,,,,,,,,
,,,,TEXAS A&M UNIVERSITY AT QATAR,,,,,,,,,,
,,,GRADE DISTRIBUTION REPORT FOR SPRING 2016 - QATAR,,,,,,,,,,,
COLLEGE:,SCIENCE,,,,,,,,,,,,,
DEPARTMENT:,CHEMISTRY,,,,,,,,,,,,,
,,,,,,TOTAL,,,,,,,,
SECTION,A,B,C,D,F,A - F,GPR,I,S,U,Q,X,TOTAL,INSTRUCTOR
-----------------,-------,-------,------- -------,-------,,------- ----- -----,,-----,-----,-----,-----,,-------,-------------------
DEPARTMENT TOTAL:,64,52,26,12,9,163 2.920,1,0,0,28,0,192,
,39.26%,31.90%,15.95%,7.36%,5.52%,,,,,,,,,
COLLEGE TOTAL:,64,52,26,12,9,163 2.920,1,0,0,28,0,192,
,39.26%,31.90%,15.95%,7.36%,5.52%,,,,,,,,,
,,,,TEXAS A&M UNIVERSITY AT QATAR,,,,,,,,,,
,,,GRADE DISTRIBUTION REPORT FOR SPRING 2016 - QATAR,,,,,,,,,,,
COLLEGE:,COLLEGE OF ENGINEERING,,,,,,,,,,,,,
DEPARTMENT:,CIVIL ENGINEERING,,,,,,,,,,,,,
,,,,,,TOTAL,,,,,,,,
SECTION,A,B,C,D,F,A - F,GPR,I,S,U,Q,X,TOTAL,INSTRUCTOR
-----------------,-------,-------,------- -------,-------,,------- ----- -----,,-----,-----,-----,-----,,-------,-------------------
CVEN-305-501,11,7,6,0,1,25 3.080,0,0,0,0,0,25,RUIMI A
,44.00%,28.00%,24.00%,0.00%,4.00%,,,,,,,,,
CVEN-305-502,7,11,4,0,0,22 3.136,0,0,0,0,0,22,RUIMI A
,31.82%,50.00%,18.18%,0.00%,0.00%,,,,,,,,,
COURSE TOTAL:,18,18,10,0,1,47 3.106,0,0,0,0,0,47,
,38.30%,38.30%,21.28%,0.00%,2.13%,,,,,,,,,
DEPARTMENT TOTAL:,18,18,10,0,1,47 3.106,0,0,0,0,0,47,
,38.30%,38.30%,21.28%,0.00%,2.13%,,,,,,,,,
,,,,TEXAS A&M UNIVERSITY AT QATAR,,,,,,,,,,
,,,GRADE DISTRIBUTION REPORT FOR SPRING 2016 - QATAR,,,,,,,,,,,
COLLEGE:,COLLEGE OF ENGINEERING,,,,,,,,,,,,,
DEPARTMENT:,COLLEGE OF ENGINEERING,,,,,,,,,,,,,
,,,,,,TOTAL,,,,,,,,
SECTION,A,B,C,D,F,A - F,GPR,I,S,U,Q,X,TOTAL,INSTRUCTOR
-----------------,-------,-------,------- -------,-------,,------- ----- -----,,-----,-----,-----,-----,,-------,-------------------
ENGR-111-501,2,6,0,0,0,8 3.250,0,0,0,0,0,8,SALAMA G
,25.00%,75.00%,0.00%,0.00%,0.00%,,,,,,,,,
ENGR-111-502,3,11,0,0,0,14 3.214,0,0,0,0,0,14,SALAMA G
,21.43%,78.57%,0.00%,0.00%,0.00%,,,,,,,,,
ENGR-111-503,3,6,0,0,0,9 3.333,0,0,0,1,0,10,SALAMA G
,33.33%,66.67%,0.00%,0.00%,0.00%,,,,,,,,,
COURSE TOTAL:,8,23,0,0,0,31 3.258,0,0,0,1,0,32,
,25.81%,74.19%,0.00%,0.00%,0.00%,,,,,,,,,
ENGR-112-501,7,12,2,1,0,22 3.136,0,0,0,0,0,22,SCHULLER M
,31.82%,54.55%,9.09%,4.55%,0.00%,,,,,,,,,
ENGR-112-502,2,10,0,0,0,12 3.167,0,0,0,0,0,12,SCHULLER M
,16.67%,83.33%,0.00%,0.00%,0.00%,,,,,,,,,
ENGR-112-503,8,12,2,0,0,22 3.273,0,0,0,0,0,22,SCHULLER M
,36.36%,54.55%,9.09%,0.00%,0.00%,,,,,,,,,
ENGR-112-504,1,4,0,0,0,5 3.200,0,0,0,0,0,5,SCHULLER M
,20.00%,80.00%,0.00%,0.00%,0.00%,,,,,,,,,
COURSE TOTAL:,18,38,4,1,0,61 3.197,0,0,0,0,0,61,
,29.51%,62.30%,6.56%,1.64%,0.00%,,,,,,,,,
ENGR-482-901,13,16,1,0,0,30 3.400,0,0,0,0,0,30,GRAY P
,43.33%,53.33%,3.33%,0.00%,0.00%,,,,,,,,,
ENGR-482-902,18,11,0,0,0,29 3.621,0,0,0,0,1,30,GRAY P
,62.07%,37.93%,0.00%,0.00%,0.00%,,,,,,,,,
COURSE TOTAL:,31,27,1,0,0,59 3.508,0,0,0,0,1,60,
,52.54%,45.76%,1.69%,0.00%,0.00%,,,,,,,,,
,,,,TEXAS A&M UNIVERSITY AT QATAR,,,,,,,,,,
,,,GRADE DISTRIBUTION REPORT FOR SPRING 2016 - QATAR,,,,,,,,,,,
COLLEGE:,COLLEGE OF ENGINEERING,,,,,,,,,,,,,
DEPARTMENT:,COLLEGE OF ENGINEERING,,,,,,,,,,,,,
,,,,,,TOTAL,,,,,,,,
SECTION,A,B,C,D,F,A - F,GPR,I,S,U,Q,X,TOTAL,INSTRUCTOR
-----------------,-------,-------,------- -------,-------,,------- ----- -----,,-----,-----,-----,-----,,-------,-------------------
DEPARTMENT TOTAL:,57,88,5,1,0,151 3.331,0,0,0,1,1,153,
,37.75%,58.28%,3.31%,0.66%,0.00%,,,,,,,,,
COLLEGE TOTAL:,75,106,15,1,1,198 3.278,0,0,0,1,1,200,
,37.88%,53.54%,7.58%,0.51%,0.51%,,,,,,,,,
,,,,TEXAS A&M UNIVERSITY AT QATAR,,,,,,,,,,
,,,GRADE DISTRIBUTION REPORT FOR SPRING 2016 - QATAR,,,,,,,,,,,
COLLEGE:,LIBERAL ARTS,,,,,,,,,,,,,
DEPARTMENT:,COMMUNICATION,,,,,,,,,,,,,
,,,,,,TOTAL,,,,,,,,
SECTION,A,B,C,D,F,A - F,GPR,I,S,U,Q,X,TOTAL,INSTRUCTOR
-----------------,-------,-------,------- -------,-------,,------- ----- -----,,-----,-----,-----,-----,,-------,-------------------
COMM-335-501,15,7,1,0,0,23 3.609,0,0,0,1,0,24,SMALL N
,65.22%,30.43%,4.35%,0.00%,0.00%,,,,,,,,,
COMM-335-502,14,6,2,0,1,23 3.391,0,0,0,2,0,25,SMALL N
,60.87%,26.09%,8.70%,0.00%,4.35%,,,,,,,,,
COURSE TOTAL:,29,13,3,0,1,46 3.500,0,0,0,3,0,49,
,63.04%,28.26%,6.52%,0.00%,2.17%,,,,,,,,,
DEPARTMENT TOTAL:,29,13,3,0,1,46 3.500,0,0,0,3,0,49,
,63.04%,28.26%,6.52%,0.00%,2.17%,,,,,,,,,
COLLEGE TOTAL:,29,13,3,0,1,46 3.500,0,0,0,3,0,49,
,63.04%,28.26%,6.52%,0.00%,2.17%,,,,,,,,,
,,,,TEXAS A&M UNIVERSITY AT QATAR,,,,,,,,,,
,,,GRADE DISTRIBUTION REPORT FOR SPRING 2016 - QATAR,,,,,,,,,,,
COLLEGE:,COLLEGE OF ENGINEERING,,,,,,,,,,,,,
DEPARTMENT:,ELECTRICAL & COMPUTER ENG,,,,,,,,,,,,,
,,,,,,TOTAL,,,,,,,,
SECTION,A,B,C,D,F,A - F,GPR,I,S,U,Q,X,TOTAL,INSTRUCTOR
-----------------,-------,-------,------- -------,-------,,------- ----- -----,,-----,-----,-----,-----,,-------,-------------------
ECEN-214-501,3,6,2,2,1,14 2.571,0,0,0,0,0,14,AHMED B
,21.43%,42.86%,14.29%,14.29%,7.14%,,,,,,,,,
ECEN-214-502,2,2,1,3,0,8 2.375,0,0,0,0,0,8,AHMED B
,25.00%,25.00%,12.50%,37.50%,0.00%,,,,,,,,,
COURSE TOTAL:,5,8,3,5,1,22 2.500,0,0,0,0,0,22,
,22.73%,36.36%,13.64%,22.73%,4.55%,,,,,,,,,
ECEN-215-501,6,7,1,0,0,14 3.357,0,0,0,0,0,14,BALOG R
,42.86%,50.00%,7.14%,0.00%,0.00%,,,,,,,,,
ECEN-215-502,3,4,1,0,0,8 3.250,0,0,0,4,0,12,BALOG R
,37.50%,50.00%,12.50%,0.00%,0.00%,,,,,,,,,
ECEN-215-503,5,3,2,0,1,11 3.000,0,0,0,2,0,13,AHMED S
,45.45%,27.27%,18.18%,0.00%,9.09%,,,,,,,,,
COURSE TOTAL:,14,14,4,0,1,33 3.212,0,0,0,6,0,39,
,42.42%,42.42%,12.12%,0.00%,3.03%,,,,,,,,,
ECEN-303-501,4,6,8,3,0,21 2.524,0,0,0,0,0,21,GHRAYEB A
,19.05%,28.57%,38.10%,14.29%,0.00%,,,,,,,,,
ECEN-303-502,6,8,4,0,0,18 3.111,0,0,0,0,0,18,GHRAYEB A
,33.33%,44.44%,22.22%,0.00%,0.00%,,,,,,,,,
COURSE TOTAL:,10,14,12,3,0,39 2.795,0,0,0,0,0,39,
,25.64%,35.90%,30.77%,7.69%,0.00%,,,,,,,,,
ECEN-338-501,3,8,4,0,0,15 2.933,0,0,0,0,0,15,ABU-RUB H
,20.00%,53.33%,26.67%,0.00%,0.00%,,,,,,,,,
ECEN-338-502,4,6,5,0,0,15 2.933,0,0,0,0,0,15,ABU-RUB H
,26.67%,40.00%,33.33%,0.00%,0.00%,,,,,,,,,
,,,,TEXAS A&M UNIVERSITY AT QATAR,,,,,,,,,,
,,,GRADE DISTRIBUTION REPORT FOR SPRING 2016 - QATAR,,,,,,,,,,,
COLLEGE:,COLLEGE OF ENGINEERING,,,,,,,,,,,,,
DEPARTMENT:,ELECTRICAL & COMPUTER ENG,,,,,,,,,,,,,
,,,,,,TOTAL,,,,,,,,
SECTION,A,B,C,D,F,A - F,GPR,I,S,U,Q,X,TOTAL,INSTRUCTOR
-----------------,-------,-------,------- -------,-------,,------- ----- -----,,-----,-----,-----,-----,,-------,-------------------
COURSE TOTAL:,7,14,9,0,0,30 2.933,0,0,0,0,0,30,
,23.33%,46.67%,30.00%,0.00%,0.00%,,,,,,,,,
ECEN-350-501,6,5,3,1,0,15 3.067,0,0,0,0,0,15,ALNUWEIRI H
,40.00%,33.33%,20.00%,6.67%,0.00%,,,,,,,,,
ECEN-350-502,3,4,7,1,0,15 2.600,0,0,0,0,0,15,ALNUWEIRI H
,20.00%,26.67%,46.67%,6.67%,0.00%,,,,,,,,,
COURSE TOTAL:,9,9,10,2,0,30 2.833,0,0,0,0,0,30,
,30.00%,30.00%,33.33%,6.67%,0.00%,,,,,,,,,
ECEN-370-501,7,9,1,0,0,17 3.353,0,0,0,0,0,17,NGUYEN C
,41.18%,52.94%,5.88%,0.00%,0.00%,,,,,,,,,
ECEN-370-502,8,6,0,0,0,14 3.571,0,0,0,0,0,14,NGUYEN C
,57.14%,42.86%,0.00%,0.00%,0.00%,,,,,,,,,
COURSE TOTAL:,15,15,1,0,0,31 3.452,0,0,0,0,0,31,
,48.39%,48.39%,3.23%,0.00%,0.00%,,,,,,,,,
ECEN-404-501,14,0,0,0,0,14 4.000,0,0,0,0,0,14,SERPEDIN E
,100.00%,0.00%,0.00%,0.00%,0.00%,,,,,,,,,
ECEN-404-502,16,0,0,0,0,16 4.000,0,0,0,0,0,16,SERPEDIN E
,100.00%,0.00%,0.00%,0.00%,0.00%,,,,,,,,,
COURSE TOTAL:,30,0,0,0,0,30 4.000,0,0,0,0,0,30,
,100.00%,0.00%,0.00%,0.00%,0.00%,,,,,,,,,
ECEN-421-500,10,3,0,1,0,14 3.571,0,0,0,0,0,14,NOUNOU H
,71.43%,21.43%,0.00%,7.14%,0.00%,,,,,,,,,
COURSE TOTAL:,10,3,0,1,0,14 3.571,0,0,0,0,0,14,
,71.43%,21.43%,0.00%,7.14%,0.00%,,,,,,,,,
,,,,TEXAS A&M UNIVERSITY AT QATAR,,,,,,,,,,
,,,GRADE DISTRIBUTION REPORT FOR SPRING 2016 - QATAR,,,,,,,,,,,
COLLEGE:,COLLEGE OF ENGINEERING,,,,,,,,,,,,,
DEPARTMENT:,ELECTRICAL & COMPUTER ENG,,,,,,,,,,,,,
,,,,,,TOTAL,,,,,,,,
SECTION,A,B,C,D,F,A - F,GPR,I,S,U,Q,X,TOTAL,INSTRUCTOR
-----------------,-------,-------,------- -------,-------,,------- ----- -----,,-----,-----,-----,-----,,-------,-------------------
ECEN-448-500,8,8,0,0,0,16 3.500,0,0,0,0,0,16,BOUTROS J
,50.00%,50.00%,0.00%,0.00%,0.00%,,,,,,,,,
COURSE TOTAL:,8,8,0,0,0,16 3.500,0,0,0,0,0,16,
,50.00%,50.00%,0.00%,0.00%,0.00%,,,,,,,,,
ECEN-459-500,4,5,8,0,0,17 2.765,0,0,0,0,0,17,AHMED S
,23.53%,29.41%,47.06%,0.00%,0.00%,,,,,,,,,
ECEN-459-501,1,3,2,1,0,7 2.571,0,0,0,0,0,7,AHMED S
,14.29%,42.86%,28.57%,14.29%,0.00%,,,,,,,,,
COURSE TOTAL:,5,8,10,1,0,24 2.708,0,0,0,0,0,24,
,20.83%,33.33%,41.67%,4.17%,0.00%,,,,,,,,,
ECEN-478-500,12,5,1,2,1,21 3.190,0,0,0,0,0,21,QARAQE K
,57.14%,23.81%,4.76%,9.52%,4.76%,,,,,,,,,
COURSE TOTAL:,12,5,1,2,1,21 3.190,0,0,0,0,0,21,
,57.14%,23.81%,4.76%,9.52%,4.76%,,,,,,,,,
ECEN-489-500,25,0,0,0,0,25 4.000,0,0,0,0,0,25,BALOG R
,100.00%,0.00%,0.00%,0.00%,0.00%,,,,,,,,,
COURSE TOTAL:,25,0,0,0,0,25 4.000,0,0,0,0,0,25,
,100.00%,0.00%,0.00%,0.00%,0.00%,,,,,,,,,
,,,,TEXAS A&M UNIVERSITY AT QATAR,,,,,,,,,,
,,,GRADE DISTRIBUTION REPORT FOR SPRING 2016 - QATAR,,,,,,,,,,,
COLLEGE:,COLLEGE OF ENGINEERING,,,,,,,,,,,,,
DEPARTMENT:,ELECTRICAL & COMPUTER ENG,,,,,,,,,,,,,
,,,,,,TOTAL,,,,,,,,
SECTION,A,B,C,D,F,A - F,GPR,I,S,U,Q,X,TOTAL,INSTRUCTOR
-----------------,-------,-------,------- -------,-------,,------- ----- -----,,-----,-----,-----,-----,,-------,-------------------
DEPARTMENT TOTAL:,150,98,50,14,3,315 3.200,0,0,0,6,0,321,
,47.62%,31.11%,15.87%,4.44%,0.95%,,,,,,,,,
COLLEGE TOTAL:,150,98,50,14,3,315 3.200,0,0,0,6,0,321,
,47.62%,31.11%,15.87%,4.44%,0.95%,,,,,,,,,
,,,,TEXAS A&M UNIVERSITY AT QATAR,,,,,,,,,,
,,,GRADE DISTRIBUTION REPORT FOR SPRING 2016 - QATAR,,,,,,,,,,,
COLLEGE:,LIBERAL ARTS,,,,,,,,,,,,,
DEPARTMENT:,ENGLISH,,,,,,,,,,,,,
,,,,,,TOTAL,,,,,,,,
SECTION,A,B,C,D,F,A - F,GPR,I,S,U,Q,X,TOTAL,INSTRUCTOR
-----------------,-------,-------,------- -------,-------,,------- ----- -----,,-----,-----,-----,-----,,-------,-------------------
ENGL-104-501,3,8,1,0,0,12 3.167,0,0,0,0,0,12,TELAFICI M
,25.00%,66.67%,8.33%,0.00%,0.00%,,,,,,,,,
ENGL-104-502,4,9,0,0,0,13 3.308,0,0,0,0,0,13,WARD S
,30.77%,69.23%,0.00%,0.00%,0.00%,,,,,,,,,
ENGL-104-503,3,6,1,1,0,11 3.000,0,0,0,0,0,11,WILLIAMS J
,27.27%,54.55%,9.09%,9.09%,0.00%,,,,,,,,,
COURSE TOTAL:,10,23,2,1,0,36 3.167,0,0,0,0,0,36,
,27.78%,63.89%,5.56%,2.78%,0.00%,,,,,,,,,
ENGL-210-501,3,11,0,0,0,14 3.214,0,0,0,0,0,14,TELAFICI M
,21.43%,78.57%,0.00%,0.00%,0.00%,,,,,,,,,
ENGL-210-502,10,4,2,0,0,16 3.500,0,0,0,1,0,17,RUDD L
,62.50%,25.00%,12.50%,0.00%,0.00%,,,,,,,,,
ENGL-210-503,2,11,1,0,0,14 3.071,0,0,0,0,0,14,TELAFICI M
,14.29%,78.57%,7.14%,0.00%,0.00%,,,,,,,,,
COURSE TOTAL:,15,26,3,0,0,44 3.273,0,0,0,1,0,45,
,34.09%,59.09%,6.82%,0.00%,0.00%,,,,,,,,,
ENGL-219-500,5,8,1,0,0,14 3.286,0,0,0,0,0,14,SMALL N
,35.71%,57.14%,7.14%,0.00%,0.00%,,,,,,,,,
COURSE TOTAL:,5,8,1,0,0,14 3.286,0,0,0,0,0,14,
,35.71%,57.14%,7.14%,0.00%,0.00%,,,,,,,,,
ENGL-251-501,8,17,0,0,0,25 3.320,0,0,0,0,0,25,WARD S
,32.00%,68.00%,0.00%,0.00%,0.00%,,,,,,,,,
ENGL-251-502,10,10,1,0,0,21 3.429,0,0,0,0,0,21,WARD S
,47.62%,47.62%,4.76%,0.00%,0.00%,,,,,,,,,
,,,,TEXAS A&M UNIVERSITY AT QATAR,,,,,,,,,,
,,,GRADE DISTRIBUTION REPORT FOR SPRING 2016 - QATAR,,,,,,,,,,,
COLLEGE:,LIBERAL ARTS,,,,,,,,,,,,,
DEPARTMENT:,ENGLISH,,,,,,,,,,,,,
,,,,,,TOTAL,,,,,,,,
SECTION,A,B,C,D,F,A - F,GPR,I,S,U,Q,X,TOTAL,INSTRUCTOR
-----------------,-------,-------,------- -------,-------,,------- ----- -----,,-----,-----,-----,-----,,-------,-------------------
COURSE TOTAL:,18,27,1,0,0,46 3.370,0,0,0,0,0,46,
,39.13%,58.70%,2.17%,0.00%,0.00%,,,,,,,,,
DEPARTMENT TOTAL:,48,84,7,1,0,140 3.279,0,0,0,1,0,141,
,34.29%,60.00%,5.00%,0.71%,0.00%,,,,,,,,,
COLLEGE TOTAL:,48,84,7,1,0,140 3.279,0,0,0,1,0,141,
,34.29%,60.00%,5.00%,0.71%,0.00%,,,,,,,,,
,,,,TEXAS A&M UNIVERSITY AT QATAR,,,,,,,,,,
,,,GRADE DISTRIBUTION REPORT FOR SPRING 2016 - QATAR,,,,,,,,,,,
COLLEGE:,GEOSCIENCES,,,,,,,,,,,,,
DEPARTMENT:,GEOLOGY & GEOPHYSICS,,,,,,,,,,,,,
,,,,,,TOTAL,,,,,,,,
SECTION,A,B,C,D,F,A - F,GPR,I,S,U,Q,X,TOTAL,INSTRUCTOR
-----------------,-------,-------,------- -------,-------,,------- ----- -----,,-----,-----,-----,-----,,-------,-------------------
GEOL-104-500,4,11,11,0,0,26 2.731,1,0,0,0,0,27,ALJUHANI S
,15.38%,42.31%,42.31%,0.00%,0.00%,,,,,,,,,
COURSE TOTAL:,4,11,11,0,0,26 2.731,1,0,0,0,0,27,
,15.38%,42.31%,42.31%,0.00%,0.00%,,,,,,,,,
DEPARTMENT TOTAL:,4,11,11,0,0,26 2.731,1,0,0,0,0,27,
,15.38%,42.31%,42.31%,0.00%,0.00%,,,,,,,,,
COLLEGE TOTAL:,4,11,11,0,0,26 2.731,1,0,0,0,0,27,
,15.38%,42.31%,42.31%,0.00%,0.00%,,,,,,,,,
,,,,TEXAS A&M UNIVERSITY AT QATAR,,,,,,,,,,
,,,GRADE DISTRIBUTION REPORT FOR SPRING 2016 - QATAR,,,,,,,,,,,
COLLEGE:,LIBERAL ARTS,,,,,,,,,,,,,
DEPARTMENT:,HISTORY,,,,,,,,,,,,,
,,,,,,TOTAL,,,,,,,,
SECTION,A,B,C,D,F,A - F,GPR,I,S,U,Q,X,TOTAL,INSTRUCTOR
-----------------,-------,-------,------- -------,-------,,------- ----- -----,,-----,-----,-----,-----,,-------,-------------------
HIST-105-501,14,8,5,0,0,27 3.333,0,0,0,0,0,27,VAN DE LOGT M
,51.85%,29.63%,18.52%,0.00%,0.00%,,,,,,,,,
HIST-105-502,11,14,2,0,0,27 3.333,0,0,0,1,0,28,BICKHAM T
,40.74%,51.85%,7.41%,0.00%,0.00%,,,,,,,,,
COURSE TOTAL:,25,22,7,0,0,54 3.333,0,0,0,1,0,55,
,46.30%,40.74%,12.96%,0.00%,0.00%,,,,,,,,,
HIST-106-501,4,4,5,1,3,17 2.294,0,0,0,3,0,20,LEE H
,23.53%,23.53%,29.41%,5.88%,17.65%,,,,,,,,,
HIST-106-502,5,6,2,0,0,13 3.231,0,0,0,1,0,14,LEE H
,38.46%,46.15%,15.38%,0.00%,0.00%,,,,,,,,,
COURSE TOTAL:,9,10,7,1,3,30 2.700,0,0,0,4,0,34,
,30.00%,33.33%,23.33%,3.33%,10.00%,,,,,,,,,
HIST-230-500,12,2,2,1,0,17 3.471,0,0,0,0,0,17,LEE H
,70.59%,11.76%,11.76%,5.88%,0.00%,,,,,,,,,
COURSE TOTAL:,12,2,2,1,0,17 3.471,0,0,0,0,0,17,
,70.59%,11.76%,11.76%,5.88%,0.00%,,,,,,,,,
,,,,TEXAS A&M UNIVERSITY AT QATAR,,,,,,,,,,
,,,GRADE DISTRIBUTION REPORT FOR SPRING 2016 - QATAR,,,,,,,,,,,
COLLEGE:,LIBERAL ARTS,,,,,,,,,,,,,
DEPARTMENT:,HISTORY,,,,,,,,,,,,,
,,,,,,TOTAL,,,,,,,,
SECTION,A,B,C,D,F,A - F,GPR,I,S,U,Q,X,TOTAL,INSTRUCTOR
-----------------,-------,-------,------- -------,-------,,------- ----- -----,,-----,-----,-----,-----,,-------,-------------------
DEPARTMENT TOTAL:,46,34,16,2,3,101 3.168,0,0,0,5,0,106,
,45.54%,33.66%,15.84%,1.98%,2.97%,,,,,,,,,
COLLEGE TOTAL:,46,34,16,2,3,101 3.168,0,0,0,5,0,106,
,45.54%,33.66%,15.84%,1.98%,2.97%,,,,,,,,,
,,,,TEXAS A&M UNIVERSITY AT QATAR,,,,,,,,,,
,,,GRADE DISTRIBUTION REPORT FOR SPRING 2016 - QATAR,,,,,,,,,,,
COLLEGE:,COLLEGE OF ENGINEERING,,,,,,,,,,,,,
DEPARTMENT:,INDUSTRIAL & SYSTEMS ENG,,,,,,,,,,,,,
,,,,,,TOTAL,,,,,,,,
SECTION,A,B,C,D,F,A - F,GPR,I,S,U,Q,X,TOTAL,INSTRUCTOR
-----------------,-------,-------,------- -------,-------,,------- ----- -----,,-----,-----,-----,-----,,-------,-------------------
ISEN-302-500,4,5,9,3,0,21 2.476,0,0,0,9,0,30,PANCHANG V
,19.05%,23.81%,42.86%,14.29%,0.00%,,,,,,,,,
COURSE TOTAL:,4,5,9,3,0,21 2.476,0,0,0,9,0,30,
,19.05%,23.81%,42.86%,14.29%,0.00%,,,,,,,,,
ISEN-667-600,24,1,0,0,0,25 3.960,0,0,0,0,0,25,PARSAEI H
,96.00%,4.00%,0.00%,0.00%,0.00%,,,,,,,,,
COURSE TOTAL:,24,1,0,0,0,25 3.960,0,0,0,0,0,25,
,96.00%,4.00%,0.00%,0.00%,0.00%,,,,,,,,,
DEPARTMENT TOTAL:,28,6,9,3,0,46 3.283,0,0,0,9,0,55,
,60.87%,13.04%,19.57%,6.52%,0.00%,,,,,,,,,
COLLEGE TOTAL:,28,6,9,3,0,46 3.283,0,0,0,9,0,55,
,60.87%,13.04%,19.57%,6.52%,0.00%,,,,,,,,,
,,,,TEXAS A&M UNIVERSITY AT QATAR,,,,,,,,,,
,,,GRADE DISTRIBUTION REPORT FOR SPRING 2016 - QATAR,,,,,,,,,,,
COLLEGE:,SCIENCE,,,,,,,,,,,,,
DEPARTMENT:,MATHEMATICS,,,,,,,,,,,,,
,,,,,,TOTAL,,,,,,,,
SECTION,A,B,C,D,F,A - F,GPR,I,S,U,Q,X,TOTAL,INSTRUCTOR
-----------------,-------,-------,------- -------,-------,,------- ----- -----,,-----,-----,-----,-----,,-------,-------------------
MATH-150-501,3,2,12,4,0,21 2.190,0,0,0,1,0,22,ELGINDI M
,14.29%,9.52%,57.14%,19.05%,0.00%,,,,,,,,,
MATH-150-502,1,5,10,3,1,20 2.100,0,0,0,1,0,21,ELGINDI M
,5.00%,25.00%,50.00%,15.00%,5.00%,,,,,,,,,
COURSE TOTAL:,4,7,22,7,1,41 2.146,0,0,0,2,0,43,
,9.76%,17.07%,53.66%,17.07%,2.44%,,,,,,,,,
MATH-151-501,2,1,3,0,0,6 2.833,1,0,0,4,0,11,DUFRESNE R
,33.33%,16.67%,50.00%,0.00%,0.00%,,,,,,,,,
MATH-151-502,1,2,3,1,0,7 2.429,0,0,0,3,0,10,DUFRESNE R
,14.29%,28.57%,42.86%,14.29%,0.00%,,,,,,,,,
MATH-151-503,5,4,0,0,0,9 3.556,0,0,0,6,0,15,DUFRESNE R
,55.56%,44.44%,0.00%,0.00%,0.00%,,,,,,,,,
COURSE TOTAL:,8,7,6,1,0,22 3.000,1,0,0,13,0,36,
,36.36%,31.82%,27.27%,4.55%,0.00%,,,,,,,,,
MATH-152-501,6,7,3,0,1,17 3.000,0,0,0,2,0,19,SOUKIASSIAN Y
,35.29%,41.18%,17.65%,0.00%,5.88%,,,,,,,,,
MATH-152-502,9,3,1,1,1,15 3.200,0,0,0,2,0,17,SOUKIASSIAN Y
,60.00%,20.00%,6.67%,6.67%,6.67%,,,,,,,,,
COURSE TOTAL:,15,10,4,1,2,32 3.094,0,0,0,4,0,36,
,46.88%,31.25%,12.50%,3.13%,6.25%,,,,,,,,,
MATH-251-501,2,5,2,5,3,17 1.882,0,0,0,2,0,19,KHAN R
,11.76%,29.41%,11.76%,29.41%,17.65%,,,,,,,,,
MATH-251-502,2,13,4,3,0,22 2.636,0,0,0,0,0,22,HUANG T
,9.09%,59.09%,18.18%,13.64%,0.00%,,,,,,,,,
,,,,TEXAS A&M UNIVERSITY AT QATAR,,,,,,,,,,
,,,GRADE DISTRIBUTION REPORT FOR SPRING 2016 - QATAR,,,,,,,,,,,
COLLEGE:,SCIENCE,,,,,,,,,,,,,
DEPARTMENT:,MATHEMATICS,,,,,,,,,,,,,
,,,,,,TOTAL,,,,,,,,
SECTION,A,B,C,D,F,A - F,GPR,I,S,U,Q,X,TOTAL,INSTRUCTOR
-----------------,-------,-------,------- -------,-------,,------- ----- -----,,-----,-----,-----,-----,,-------,-------------------
COURSE TOTAL:,4,18,6,8,3,39 2.308,0,0,0,2,0,41,
,10.26%,46.15%,15.38%,20.51%,7.69%,,,,,,,,,
MATH-308-501,7,16,6,1,0,30 2.967,0,0,0,0,0,30,CHEN G
,23.33%,53.33%,20.00%,3.33%,0.00%,,,,,,,,,
MATH-308-502,7,14,7,2,1,31 2.774,0,0,0,0,0,31,CHEN G
,22.58%,45.16%,22.58%,6.45%,3.23%,,,,,,,,,
MATH-308-503,5,9,3,4,1,22 2.591,0,0,0,3,1,26,MIR N
,22.73%,40.91%,13.64%,18.18%,4.55%,,,,,,,,,
COURSE TOTAL:,19,39,16,7,2,83 2.795,0,0,0,3,1,87,
,22.89%,46.99%,19.28%,8.43%,2.41%,,,,,,,,,
MATH-311-500,3,3,7,0,0,13 2.692,0,0,0,8,0,21,EL-GUINDY A
,23.08%,23.08%,53.85%,0.00%,0.00%,,,,,,,,,
COURSE TOTAL:,3,3,7,0,0,13 2.692,0,0,0,8,0,21,
,23.08%,23.08%,53.85%,0.00%,0.00%,,,,,,,,,
MATH-414-500,6,2,1,0,0,9 3.556,0,0,0,0,0,9,LORENTZ R
,66.67%,22.22%,11.11%,0.00%,0.00%,,,,,,,,,
COURSE TOTAL:,6,2,1,0,0,9 3.556,0,0,0,0,0,9,
,66.67%,22.22%,11.11%,0.00%,0.00%,,,,,,,,,
,,,,TEXAS A&M UNIVERSITY AT QATAR,,,,,,,,,,
,,,GRADE DISTRIBUTION REPORT FOR SPRING 2016 - QATAR,,,,,,,,,,,
COLLEGE:,SCIENCE,,,,,,,,,,,,,
DEPARTMENT:,MATHEMATICS,,,,,,,,,,,,,
,,,,,,TOTAL,,,,,,,,
SECTION,A,B,C,D,F,A - F,GPR,I,S,U,Q,X,TOTAL,INSTRUCTOR
-----------------,-------,-------,------- -------,-------,,------- ----- -----,,-----,-----,-----,-----,,-------,-------------------
DEPARTMENT TOTAL:,59,86,62,24,8,239 2.686,1,0,0,32,1,273,
,24.69%,35.98%,25.94%,10.04%,3.35%,,,,,,,,,
COLLEGE TOTAL:,59,86,62,24,8,239 2.686,1,0,0,32,1,273,
,24.69%,35.98%,25.94%,10.04%,3.35%,,,,,,,,,
,,,,TEXAS A&M UNIVERSITY AT QATAR,,,,,,,,,,
,,,GRADE DISTRIBUTION REPORT FOR SPRING 2016 - QATAR,,,,,,,,,,,
COLLEGE:,COLLEGE OF ENGINEERING,,,,,,,,,,,,,
DEPARTMENT:,MECHANICAL ENGINEERING,,,,,,,,,,,,,
,,,,,,TOTAL,,,,,,,,
SECTION,A,B,C,D,F,A - F,GPR,I,S,U,Q,X,TOTAL,INSTRUCTOR
-----------------,-------,-------,------- -------,-------,,------- ----- -----,,-----,-----,-----,-----,,-------,-------------------
MEEN-221-500,3,2,5,0,1,11 2.546,0,0,0,0,0,11,SWAROOP D
,27.27%,18.18%,45.45%,0.00%,9.09%,,,,,,,,,
COURSE TOTAL:,3,2,5,0,1,11 2.545,0,0,0,0,0,11,
,27.27%,18.18%,45.45%,0.00%,9.09%,,,,,,,,,
MEEN-260-501,1,13,3,0,0,17 2.882,0,0,0,0,0,17,TAFRESHI R
,5.88%,76.47%,17.65%,0.00%,0.00%,,,,,,,,,
MEEN-260-502,0,4,5,0,0,9 2.444,0,0,0,0,0,9,TAFRESHI R
,0.00%,44.44%,55.56%,0.00%,0.00%,,,,,,,,,
COURSE TOTAL:,1,17,8,0,0,26 2.731,0,0,0,0,0,26,
,3.85%,65.38%,30.77%,0.00%,0.00%,,,,,,,,,
MEEN-315-501,1,10,10,3,0,24 2.375,0,0,0,0,0,24,GUO B
,4.17%,41.67%,41.67%,12.50%,0.00%,,,,,,,,,
MEEN-315-502,11,7,2,3,1,24 3.000,0,0,0,1,0,25,HASSAN I
,45.83%,29.17%,8.33%,12.50%,4.17%,,,,,,,,,
COURSE TOTAL:,12,17,12,6,1,48 2.688,0,0,0,1,0,49,
,25.00%,35.42%,25.00%,12.50%,2.08%,,,,,,,,,
MEEN-363-500,1,2,2,2,5,12 1.333,0,0,0,0,0,12,SWAROOP D
,8.33%,16.67%,16.67%,16.67%,41.67%,,,,,,,,,
COURSE TOTAL:,1,2,2,2,5,12 1.333,0,0,0,0,0,12,
,8.33%,16.67%,16.67%,16.67%,41.67%,,,,,,,,,
MEEN-364-501,1,4,4,3,0,12 2.250,0,0,0,0,0,12,KARKOUB M
,8.33%,33.33%,33.33%,25.00%,0.00%,,,,,,,,,
MEEN-364-502,0,2,3,1,0,6 2.167,0,0,0,0,0,6,KARKOUB M
,0.00%,33.33%,50.00%,16.67%,0.00%,,,,,,,,,
,,,,TEXAS A&M UNIVERSITY AT QATAR,,,,,,,,,,
,,,GRADE DISTRIBUTION REPORT FOR SPRING 2016 - QATAR,,,,,,,,,,,
COLLEGE:,COLLEGE OF ENGINEERING,,,,,,,,,,,,,
DEPARTMENT:,MECHANICAL ENGINEERING,,,,,,,,,,,,,
,,,,,,TOTAL,,,,,,,,
SECTION,A,B,C,D,F,A - F,GPR,I,S,U,Q,X,TOTAL,INSTRUCTOR
-----------------,-------,-------,------- -------,-------,,------- ----- -----,,-----,-----,-----,-----,,-------,-------------------
COURSE TOTAL:,1,6,7,4,0,18 2.222,0,0,0,0,0,18,
,5.56%,33.33%,38.89%,22.22%,0.00%,,,,,,,,,
MEEN-368-501,2,6,2,0,0,10 3.000,0,0,0,0,0,10,EL BORGI S
,20.00%,60.00%,20.00%,0.00%,0.00%,,,,,,,,,
MEEN-368-502,3,3,6,1,0,13 2.615,0,0,0,0,0,13,EL BORGI S
,23.08%,23.08%,46.15%,7.69%,0.00%,,,,,,,,,
COURSE TOTAL:,5,9,8,1,0,23 2.783,0,0,0,0,0,23,
,21.74%,39.13%,34.78%,4.35%,0.00%,,,,,,,,,
MEEN-381-900,12,5,0,0,0,17 3.706,0,0,0,0,0,17,PARSAEI H
,70.59%,29.41%,0.00%,0.00%,0.00%,,,,,,,,,
COURSE TOTAL:,12,5,0,0,0,17 3.706,0,0,0,0,0,17,
,70.59%,29.41%,0.00%,0.00%,0.00%,,,,,,,,,
MEEN-402-501,3,11,0,0,0,14 3.214,0,0,0,0,0,14,SCHULLER M
,21.43%,78.57%,0.00%,0.00%,0.00%,,,,,,,,,
MEEN-402-502,4,8,3,0,0,15 3.067,0,0,0,0,0,15,SCHULLER M
,26.67%,53.33%,20.00%,0.00%,0.00%,,,,,,,,,
COURSE TOTAL:,7,19,3,0,0,29 3.138,0,0,0,0,0,29,
,24.14%,65.52%,10.34%,0.00%,0.00%,,,,,,,,,
MEEN-414-500,7,6,2,0,0,15 3.333,0,0,0,3,0,18,HASSAN I
,46.67%,40.00%,13.33%,0.00%,0.00%,,,,,,,,,
COURSE TOTAL:,7,6,2,0,0,15 3.333,0,0,0,3,0,18,
,46.67%,40.00%,13.33%,0.00%,0.00%,,,,,,,,,
MEEN-444-500,4,7,0,0,0,11 3.364,0,0,0,0,0,11,EL BORGI S
,36.36%,63.64%,0.00%,0.00%,0.00%,,,,,,,,,
,,,,TEXAS A&M UNIVERSITY AT QATAR,,,,,,,,,,
,,,GRADE DISTRIBUTION REPORT FOR SPRING 2016 - QATAR,,,,,,,,,,,
COLLEGE:,COLLEGE OF ENGINEERING,,,,,,,,,,,,,
DEPARTMENT:,MECHANICAL ENGINEERING,,,,,,,,,,,,,
,,,,,,TOTAL,,,,,,,,
SECTION,A,B,C,D,F,A - F,GPR,I,S,U,Q,X,TOTAL,INSTRUCTOR
-----------------,-------,-------,------- -------,-------,,------- ----- -----,,-----,-----,-----,-----,,-------,-------------------
COURSE TOTAL:,4,7,0,0,0,11 3.364,0,0,0,0,0,11,
,36.36%,63.64%,0.00%,0.00%,0.00%,,,,,,,,,
MEEN-461-500,3,1,9,7,1,21 1.905,0,0,0,0,0,21,SADR R
,14.29%,4.76%,42.86%,33.33%,4.76%,,,,,,,,,
COURSE TOTAL:,3,1,9,7,1,21 1.905,0,0,0,0,0,21,
,14.29%,4.76%,42.86%,33.33%,4.76%,,,,,,,,,
MEEN-464-501,10,1,0,0,0,11 3.909,0,0,0,1,0,12,SADR R
,90.91%,9.09%,0.00%,0.00%,0.00%,,,,,,,,,
MEEN-464-502,3,4,0,0,0,7 3.429,0,0,0,0,0,7,SADR R
,42.86%,57.14%,0.00%,0.00%,0.00%,,,,,,,,,
COURSE TOTAL:,13,5,0,0,0,18 3.722,0,0,0,1,0,19,
,72.22%,27.78%,0.00%,0.00%,0.00%,,,,,,,,,
MEEN-475-500,6,12,9,0,0,27 2.889,0,0,0,0,0,27,SCHULLER M
,22.22%,44.44%,33.33%,0.00%,0.00%,,,,,,,,,
COURSE TOTAL:,6,12,9,0,0,27 2.889,0,0,0,0,0,27,
,22.22%,44.44%,33.33%,0.00%,0.00%,,,,,,,,,
,,,,TEXAS A&M UNIVERSITY AT QATAR,,,,,,,,,,
,,,GRADE DISTRIBUTION REPORT FOR SPRING 2016 - QATAR,,,,,,,,,,,
COLLEGE:,COLLEGE OF ENGINEERING,,,,,,,,,,,,,
DEPARTMENT:,MECHANICAL ENGINEERING,,,,,,,,,,,,,
,,,,,,TOTAL,,,,,,,,
SECTION,A,B,C,D,F,A - F,GPR,I,S,U,Q,X,TOTAL,INSTRUCTOR
-----------------,-------,-------,------- -------,-------,,------- ----- -----,,-----,-----,-----,-----,,-------,-------------------
DEPARTMENT TOTAL:,75,108,65,20,8,276 2.804,0,0,0,5,0,281,
,27.17%,39.13%,23.55%,7.25%,2.90%,,,,,,,,,
,,,,TEXAS A&M UNIVERSITY AT QATAR,,,,,,,,,,
,,,GRADE DISTRIBUTION REPORT FOR SPRING 2016 - QATAR,,,,,,,,,,,
COLLEGE:,COLLEGE OF ENGINEERING,,,,,,,,,,,,,
DEPARTMENT:,PETROLEUM ENGINEERING,,,,,,,,,,,,,
,,,,,,TOTAL,,,,,,,,
SECTION,A,B,C,D,F,A - F,GPR,I,S,U,Q,X,TOTAL,INSTRUCTOR
-----------------,-------,-------,------- -------,-------,,------- ----- -----,,-----,-----,-----,-----,,-------,-------------------
PETE-225-500,4,2,0,0,0,6 3.667,0,0,0,0,0,6,PONCE DA MOTTA E
,66.67%,33.33%,0.00%,0.00%,0.00%,,,,,,,,,
COURSE TOTAL:,4,2,0,0,0,6 3.667,0,0,0,0,0,6,
,66.67%,33.33%,0.00%,0.00%,0.00%,,,,,,,,,
PETE-311-501,6,8,1,0,0,15 3.333,0,0,0,0,0,15,ALYAFEI N
,40.00%,53.33%,6.67%,0.00%,0.00%,,,,,,,,,
PETE-311-502,5,2,2,0,0,9 3.333,0,0,0,0,0,9,ALYAFEI N
,55.56%,22.22%,22.22%,0.00%,0.00%,,,,,,,,,
COURSE TOTAL:,11,10,3,0,0,24 3.333,0,0,0,0,0,24,
,45.83%,41.67%,12.50%,0.00%,0.00%,,,,,,,,,
PETE-321-501,2,4,6,0,0,12 2.667,0,0,0,0,0,12,ALJUHANI S
,16.67%,33.33%,50.00%,0.00%,0.00%,,,,,,,,,
PETE-321-502,6,7,0,0,0,13 3.462,0,0,0,0,0,13,ALJUHANI S
,46.15%,53.85%,0.00%,0.00%,0.00%,,,,,,,,,
COURSE TOTAL:,8,11,6,0,0,25 3.080,0,0,0,0,0,25,
,32.00%,44.00%,24.00%,0.00%,0.00%,,,,,,,,,
PETE-323-500,15,8,2,0,0,25 3.520,0,0,0,0,0,25,WANG Y
,60.00%,32.00%,8.00%,0.00%,0.00%,,,,,,,,,
COURSE TOTAL:,15,8,2,0,0,25 3.520,0,0,0,0,0,25,
,60.00%,32.00%,8.00%,0.00%,0.00%,,,,,,,,,
PETE-324-500,14,8,3,0,0,25 3.440,0,0,0,0,0,25,RETNANTO A
,56.00%,32.00%,12.00%,0.00%,0.00%,,,,,,,,,
COURSE TOTAL:,14,8,3,0,0,25 3.440,0,0,0,0,0,25,
,56.00%,32.00%,12.00%,0.00%,0.00%,,,,,,,,,
,,,,TEXAS A&M UNIVERSITY AT QATAR,,,,,,,,,,
,,,GRADE DISTRIBUTION REPORT FOR SPRING 2016 - QATAR,,,,,,,,,,,
COLLEGE:,COLLEGE OF ENGINEERING,,,,,,,,,,,,,
DEPARTMENT:,PETROLEUM ENGINEERING,,,,,,,,,,,,,
,,,,,,TOTAL,,,,,,,,
SECTION,A,B,C,D,F,A - F,GPR,I,S,U,Q,X,TOTAL,INSTRUCTOR
-----------------,-------,-------,------- -------,-------,,------- ----- -----,,-----,-----,-----,-----,,-------,-------------------
PETE-325-500,14,7,1,0,0,22 3.591,0,0,0,0,0,22,RAHMAN M
,63.64%,31.82%,4.55%,0.00%,0.00%,,,,,,,,,
COURSE TOTAL:,14,7,1,0,0,22 3.591,0,0,0,0,0,22,
,63.64%,31.82%,4.55%,0.00%,0.00%,,,,,,,,,
DEPARTMENT TOTAL:,66,46,15,0,0,127 3.402,0,0,0,0,0,127,
,51.97%,36.22%,11.81%,0.00%,0.00%,,,,,,,,,
COLLEGE TOTAL:,141,154,80,20,8,403 2.993,0,0,0,5,0,408,
,34.99%,38.21%,19.85%,4.96%,1.99%,,,,,,,,,
,,,,TEXAS A&M UNIVERSITY AT QATAR,,,,,,,,,,
,,,GRADE DISTRIBUTION REPORT FOR SPRING 2016 - QATAR,,,,,,,,,,,
COLLEGE:,QATAR CAMPUS,,,,,,,,,,,,,
DEPARTMENT:,PETROLEUM ENGINEERING,,,,,,,,,,,,,
,,,,,,TOTAL,,,,,,,,
SECTION,A,B,C,D,F,A - F,GPR,I,S,U,Q,X,TOTAL,INSTRUCTOR
-----------------,-------,-------,------- -------,-------,,------- ----- -----,,-----,-----,-----,-----,,-------,-------------------
PETE-336-500,16,0,0,0,0,16 4.000,0,0,0,0,0,16,ALYAFEI N
,100.00%,0.00%,0.00%,0.00%,0.00%,,,,,,,,,
COURSE TOTAL:,16,0,0,0,0,16 4.000,0,0,0,0,0,16,
,100.00%,0.00%,0.00%,0.00%,0.00%,,,,,,,,,
DEPARTMENT TOTAL:,16,0,0,0,0,16 4.000,0,0,0,0,0,16,
,100.00%,0.00%,0.00%,0.00%,0.00%,,,,,,,,,
COLLEGE TOTAL:,16,0,0,0,0,16 4.000,0,0,0,0,0,16,
,100.00%,0.00%,0.00%,0.00%,0.00%,,,,,,,,,
,,,,TEXAS A&M UNIVERSITY AT QATAR,,,,,,,,,,
,,,GRADE DISTRIBUTION REPORT FOR SPRING 2016 - QATAR,,,,,,,,,,,
COLLEGE:,COLLEGE OF ENGINEERING,,,,,,,,,,,,,
DEPARTMENT:,PETROLEUM ENGINEERING,,,,,,,,,,,,,
,,,,,,TOTAL,,,,,,,,
SECTION,A,B,C,D,F,A - F,GPR,I,S,U,Q,X,TOTAL,INSTRUCTOR
-----------------,-------,-------,------- -------,-------,,------- ----- -----,,-----,-----,-----,-----,,-------,-------------------
PETE-355-500,10,11,0,0,0,21 3.476,1,0,0,0,0,22,AMANI M
,47.62%,52.38%,0.00%,0.00%,0.00%,,,,,,,,,
COURSE TOTAL:,10,11,0,0,0,21 3.476,1,0,0,0,0,22,
,47.62%,52.38%,0.00%,0.00%,0.00%,,,,,,,,,
PETE-402-500,15,0,1,0,0,16 3.875,0,0,0,0,0,16,RETNANTO A
,93.75%,0.00%,6.25%,0.00%,0.00%,,,,,,,,,
COURSE TOTAL:,15,0,1,0,0,16 3.875,0,0,0,0,0,16,
,93.75%,0.00%,6.25%,0.00%,0.00%,,,,,,,,,
PETE-489-501,1,3,1,0,0,5 3.000,0,0,0,0,0,5,ELBASHIR N
,20.00%,60.00%,20.00%,0.00%,0.00%,,,,,,,,,
PETE-489-502,4,2,3,0,0,9 3.111,0,0,0,0,0,9,BOWMAN M
,44.44%,22.22%,33.33%,0.00%,0.00%,,,,,,,,,
PETE-489-503,5,0,0,0,0,5 4.000,0,0,0,0,0,5,FRAIM M
,100.00%,0.00%,0.00%,0.00%,0.00%,,,,,,,,,
COURSE TOTAL:,10,5,4,0,0,19 3.316,0,0,0,0,0,19,
,52.63%,26.32%,21.05%,0.00%,0.00%,,,,,,,,,
,,,,TEXAS A&M UNIVERSITY AT QATAR,,,,,,,,,,
,,,GRADE DISTRIBUTION REPORT FOR SPRING 2016 - QATAR,,,,,,,,,,,
COLLEGE:,COLLEGE OF ENGINEERING,,,,,,,,,,,,,
DEPARTMENT:,PETROLEUM ENGINEERING,,,,,,,,,,,,,
,,,,,,TOTAL,,,,,,,,
SECTION,A,B,C,D,F,A - F,GPR,I,S,U,Q,X,TOTAL,INSTRUCTOR
-----------------,-------,-------,------- -------,-------,,------- ----- -----,,-----,-----,-----,-----,,-------,-------------------
DEPARTMENT TOTAL:,35,16,5,0,0,56 3.536,1,0,0,0,0,57,
,62.50%,28.57%,8.93%,0.00%,0.00%,,,,,,,,,
COLLEGE TOTAL:,35,16,5,0,0,56 3.536,1,0,0,0,0,57,
,62.50%,28.57%,8.93%,0.00%,0.00%,,,,,,,,,
,,,,TEXAS A&M UNIVERSITY AT QATAR,,,,,,,,,,
,,,GRADE DISTRIBUTION REPORT FOR SPRING 2016 - QATAR,,,,,,,,,,,
COLLEGE:,SCIENCE,,,,,,,,,,,,,
DEPARTMENT:,PHYSICS AND ASTRONOMY,,,,,,,,,,,,,
,,,,,,TOTAL,,,,,,,,
SECTION,A,B,C,D,F,A - F,GPR,I,S,U,Q,X,TOTAL,INSTRUCTOR
-----------------,-------,-------,------- -------,-------,,------- ----- -----,,-----,-----,-----,-----,,-------,-------------------
PHYS-208-501,4,5,8,0,1,18 2.611,0,0,0,2,0,20,BELIC M
,22.22%,27.78%,44.44%,0.00%,5.56%,,,,,,,,,
PHYS-208-502,1,1,5,0,0,7 2.429,0,0,0,3,0,10,KROLIKOWSKI W
,14.29%,14.29%,71.43%,0.00%,0.00%,,,,,,,,,
PHYS-208-503,3,7,7,0,1,18 2.611,0,0,0,1,0,19,KROLIKOWSKI W
,16.67%,38.89%,38.89%,0.00%,5.56%,,,,,,,,,
COURSE TOTAL:,8,13,20,0,2,43 2.581,0,0,0,6,0,49,
,18.60%,30.23%,46.51%,0.00%,4.65%,,,,,,,,,
PHYS-218-501,3,7,0,0,1,11 3.000,0,0,0,0,0,11,TZORTZAKIS S
,27.27%,63.64%,0.00%,0.00%,9.09%,,,,,,,,,
PHYS-218-502,3,2,6,0,0,11 2.727,0,0,0,0,0,11,NHA H
,27.27%,18.18%,54.55%,0.00%,0.00%,,,,,,,,,
PHYS-218-503,4,8,2,3,1,18 2.611,0,0,0,0,0,18,NHA H
,22.22%,44.44%,11.11%,16.67%,5.56%,,,,,,,,,
COURSE TOTAL:,10,17,8,3,2,40 2.750,0,0,0,0,0,40,
,25.00%,42.50%,20.00%,7.50%,5.00%,,,,,,,,,
PHYS-222-500,3,6,3,2,0,14 2.714,0,0,0,0,0,14,BOUHALI O
,21.43%,42.86%,21.43%,14.29%,0.00%,,,,,,,,,
COURSE TOTAL:,3,6,3,2,0,14 2.714,0,0,0,0,0,14,
,21.43%,42.86%,21.43%,14.29%,0.00%,,,,,,,,,
,,,,TEXAS A&M UNIVERSITY AT QATAR,,,,,,,,,,
,,,GRADE DISTRIBUTION REPORT FOR SPRING 2016 - QATAR,,,,,,,,,,,
COLLEGE:,SCIENCE,,,,,,,,,,,,,
DEPARTMENT:,PHYSICS AND ASTRONOMY,,,,,,,,,,,,,
,,,,,,TOTAL,,,,,,,,
SECTION,A,B,C,D,F,A - F,GPR,I,S,U,Q,X,TOTAL,INSTRUCTOR
-----------------,-------,-------,------- -------,-------,,------- ----- -----,,-----,-----,-----,-----,,-------,-------------------
DEPARTMENT TOTAL:,21,36,31,5,4,97 2.670,0,0,0,6,0,103,
,21.65%,37.11%,31.96%,5.15%,4.12%,,,,,,,,,
COLLEGE TOTAL:,21,36,31,5,4,97 2.670,0,0,0,6,0,103,
,21.65%,37.11%,31.96%,5.15%,4.12%,,,,,,,,,
,,,,TEXAS A&M UNIVERSITY AT QATAR,,,,,,,,,,
,,,GRADE DISTRIBUTION REPORT FOR SPRING 2016 - QATAR,,,,,,,,,,,
COLLEGE:,LIBERAL ARTS,,,,,,,,,,,,,
DEPARTMENT:,POLITICAL SCIENCE,,,,,,,,,,,,,
,,,,,,TOTAL,,,,,,,,
SECTION,A,B,C,D,F,A - F,GPR,I,S,U,Q,X,TOTAL,INSTRUCTOR
-----------------,-------,-------,------- -------,-------,,------- ----- -----,,-----,-----,-----,-----,,-------,-------------------
POLS-206-501,12,10,3,3,0,28 3.107,0,0,0,0,0,28,ROGERS J
,42.86%,35.71%,10.71%,10.71%,0.00%,,,,,,,,,
POLS-206-502,12,7,5,1,0,25 3.200,0,0,0,2,0,27,ROGERS J
,48.00%,28.00%,20.00%,4.00%,0.00%,,,,,,,,,
COURSE TOTAL:,24,17,8,4,0,53 3.151,0,0,0,2,0,55,
,45.28%,32.08%,15.09%,7.55%,0.00%,,,,,,,,,
POLS-207-500,16,7,4,0,0,27 3.444,0,0,0,0,0,27,BASHIR H
,59.26%,25.93%,14.81%,0.00%,0.00%,,,,,,,,,
COURSE TOTAL:,16,7,4,0,0,27 3.444,0,0,0,0,0,27,
,59.26%,25.93%,14.81%,0.00%,0.00%,,,,,,,,,
DEPARTMENT TOTAL:,40,24,12,4,0,80 3.250,0,0,0,2,0,82,
,50.00%,30.00%,15.00%,5.00%,0.00%,,,,,,,,,
COLLEGE TOTAL:,40,24,12,4,0,80 3.250,0,0,0,2,0,82,
,50.00%,30.00%,15.00%,5.00%,0.00%,,,,,,,,,
,,,,TEXAS A&M UNIVERSITY AT QATAR,,,,,,,,,,
,,,GRADE DISTRIBUTION REPORT FOR SPRING 2016 - QATAR,,,,,,,,,,,
COLLEGE:,CENTER FOR ACAD ENHANCEMENT,,,,,,,,,,,,,
DEPARTMENT:,TASP/TSI ADMINISTRATION,,,,,,,,,,,,,
,,,,,,TOTAL,,,,,,,,
SECTION,A,B,C,D,F,A - F,GPR,I,S,U,Q,X,TOTAL,INSTRUCTOR
-----------------,-------,-------,------- -------,-------,,------- ----- -----,,-----,-----,-----,-----,,-------,-------------------
STLC-101-500,10,0,0,0,1,11 3.636,0,0,0,0,0,11,RUDD L
,90.91%,0.00%,0.00%,0.00%,9.09%,,,,,,,,,
COURSE TOTAL:,10,0,0,0,1,11 3.636,0,0,0,0,0,11,
,90.91%,0.00%,0.00%,0.00%,9.09%,,,,,,,,,
STLC-289-501,0,4,2,0,0,6 2.667,0,0,0,0,0,6,RASMUSSEN D
,0.00%,66.67%,33.33%,0.00%,0.00%,,,,,,,,,
STLC-289-502,0,9,2,0,0,11 2.818,0,0,0,0,0,11,RASMUSSEN D
,0.00%,81.82%,18.18%,0.00%,0.00%,,,,,,,,,
STLC-289-503,0,9,2,0,1,12 2.583,0,0,0,0,0,12,WILLIAMS J
,0.00%,75.00%,16.67%,0.00%,8.33%,,,,,,,,,
COURSE TOTAL:,0,22,6,0,1,29 2.690,0,0,0,0,0,29,
,0.00%,75.86%,20.69%,0.00%,3.45%,,,,,,,,,
DEPARTMENT TOTAL:,10,22,6,0,2,40 2.950,0,0,0,0,0,40,
,25.00%,55.00%,15.00%,0.00%,5.00%,,,,,,,,,
COLLEGE TOTAL:,10,22,6,0,2,40 2.950,0,0,0,0,0,40,
,25.00%,55.00%,15.00%,0.00%,5.00%,,,,,,,,,
